Participant,Video,NRMSE_pupil,NRMSE_gsr,NRMSE_fusion
4FoNM,HN_1,0.1596921272584899,0.044710380124571,0.0349635185327444
4FoNM,HN_2_L,0.0312882458306214,0.0090213995859928,0.009676538090139
4FoNM,HN_3_L,0.0584264798987362,0.0191989254136987,0.0451162451221677
4FoNM,HN_3_H,0.0875924987776306,0.0827642976527441,0.0529774335612458
4FoNM,HN_4,0.0095781207661943,0.0033070455151776,0.013937431837951
4FoNM,HN_5,0.3429223869683339,0.0820028001093049,0.0490734997472857
4FoNM,HN_6,0.347646171210186,0.0177752563424276,0.0231176920471351
4FoNM,HN_7,0.1232118306399443,0.0965512654632454,0.0445750056396788
4FoNM,HP_1_H,0.0523286449727276,0.0124864144236323,0.0213227497574072
4FoNM,HP_2,0.0806302121958728,0.020713002991758,0.043782031863259
4FoNM,HP_3_L,0.018618204583872,0.0084511144866129,0.0153058428873326
4FoNM,HP_4,0.1303263584313037,0.0162514925162856,0.0103629737385414
4FoNM,HP_5,0.0098076251294946,0.0030262437219417,0.0124189104572453
4FoNM,HP_7_L,0.0344419577592981,0.0109708494894953,0.0139101187189269
4FoNM,HP_7_H,0.067123363956066,0.0370541822498371,0.0123618919249642
4FoNM,LN_1,0.109367246469885,0.0222720215585782,0.0311907985389234
4FoNM,LN_2,0.0891728634287382,0.0267514909579485,0.0173208352099159
4FoNM,LN_3,0.2363070891251969,0.0422905950828991,0.057781520018048
4FoNM,LN_4,0.0457488258339427,0.0195843420129636,0.0172666979852623
4FoNM,LN_5,0.0984467040612941,0.003278649454486,0.0401998184920113
4FoNM,LN_6,0.0538496040864266,0.0007854474082649,0.0354997377334429
4FoNM,LP_1,0.0508665574828166,0.0391496983243691,0.0145517346148713
4FoNM,LP_3,0.1364117457105994,0.0076523737844907,0.0509224761432161
4FoNM,LP_4,0.0242406919744003,0.0094420928724988,0.0311922557454134
4FoNM,LP_5,0.0677900602764749,0.0109296680860341,0.03694122181296
4FoNM,LP_7,0.0374470588316654,0.015279858559688,0.0136258038067421
5KB3V,HN_1,0.5204114391916616,0.08459418650881,0.1781571620760023
5KB3V,HN_2_H,0.1827142890683212,0.0905229230415178,0.0905286351340835
5KB3V,HN_3_H,0.1603188523933458,0.1588290429407066,0.1114273545309116
5KB3V,HN_4,0.2503364731972864,0.0936531335246653,0.0604623836433618
5KB3V,HN_5,0.1339581849487423,0.1307868683520925,0.1231458491374403
5KB3V,HN_6,0.7116486975832301,0.0361357491541479,0.3645134573899621
5KB3V,HP_1_H,0.0688523538066198,0.0602070955585563,0.041068922450391
5KB3V,HP_1_L,0.0591182341710157,0.000759381380866,0.0447372944773579
5KB3V,HP_3_H,0.0850810005351353,0.0043041707329276,0.0657417763631711
5KB3V,HP_4,0.1209847063520664,0.0098758482568158,0.0503127931372459
5KB3V,HP_5,0.0658093437883111,0.0242673316909471,0.0235242731393446
5KB3V,HP_6,0.0655666214884734,0.0161032325202413,0.038218660676847
5KB3V,HP_7_L,0.0790104353694092,0.0247569168622074,0.0702365106779751
5KB3V,HP_7_H,0.0766501137126475,0.0194934059005407,0.0638726360316454
5KB3V,LN_2,0.1451265914792533,0.0947439086702527,0.0584658209122217
5KB3V,LN_3,0.2547457907693332,0.0031202078838291,0.1693994764729269
5KB3V,LN_4,0.05962844449621,0.0321727363364254,0.0243982938963045
5KB3V,LN_6,0.0254841355100794,0.0201990732431862,0.0310958214965336
5KB3V,LN_7_P,0.0733434663588138,0.0109578345364606,0.0323283982540907
5KB3V,LP_2,0.0624763436218902,0.0303460401508366,0.0777194210276124
5KB3V,LP_3,0.1407502948438164,0.051964117483203,0.1122509380741184
5KB3V,LP_4,0.3020533586143576,0.0316661412592205,0.0850047686769848
5KB3V,LP_5,0.1127149722909624,0.0880566004320233,0.1072907123853557
5KB3V,LP_6,0.0308694776870059,0.0131726142592558,0.0091016096445805
5KB3V,LP_7,0.1195887458626666,0.0781553241571836,0.0486234075704962
6GSd4,HN_3_L,0.0536582399891056,0.0330117223657721,0.0166074496547705
6GSd4,HN_7,0.116225513876779,0.0585090303065084,0.123286261026059
6GSd4,HP_5,0.1178191365543379,0.1133018934354074,0.1172203933633744
6GSd4,LN_4,0.0637926119782664,0.0444985644414247,0.0707341022693714
6GSd4,LN_5,0.0446514920891861,0.0260130239376977,0.0263821828562749
6GSd4,LN_6,0.0850721922442105,0.0307152853719023,0.0503080309694073
7yqP3,HN_2_H,0.0883508464772494,0.0726748758764989,0.1133922509708541
7yqP3,HN_3_H,0.2870427697077597,0.0575031173276402,0.0599321710232079
7yqP3,HN_4,0.1096889225428514,0.0351456525388037,0.1048459306777451
7yqP3,HN_5,0.2186116663734896,0.1325465084026253,0.1252374016092431
7yqP3,HN_6,0.2906965846084542,0.236270397390102,0.2017336912981341
7yqP3,HP_1_H,0.0683223839373289,0.0452842925862594,0.0826992443504282
7yqP3,HP_1_L,0.1044463661414457,0.0943719691987176,0.1006093527920164
7yqP3,HP_2,0.1204208951162735,0.0448368113874996,0.0708064721066138
7yqP3,HP_6,0.1581317048725658,0.077829966571887,0.1007037883603343
7yqP3,HP_7_L,0.1456695173728129,0.1053079608387099,0.0905704262169383
7yqP3,LN_1,0.0313907506209178,0.0205001022602487,0.0154004378196044
7yqP3,LN_2,0.0782220728737503,0.0482677959598589,0.0919163952514788
7yqP3,LN_4,0.144711823605998,0.0836959249286663,0.1292525231604054
7yqP3,LN_5,0.0631194488581693,0.0055577346599408,0.0620230496922628
7yqP3,LN_6,0.0946100267473825,0.0161728098282932,0.0077661811344761
7yqP3,LN_7_N,0.0593835772054002,0.0397087439929629,0.1033342176221787
7yqP3,LP_2,0.098361113955996,0.0905374332269829,0.0888854610429267
7yqP3,LP_6,0.1309503378467749,0.0740888434840609,0.1185859740790073
A5feTy,HN_2_L,0.0704546934331102,0.0164679522515099,0.0605630456075299
A5feTy,HN_2_H,0.1080610180571165,0.1016116901649904,0.1095059083478705
A5feTy,HN_3_H,0.176416346617719,0.0566224987426763,0.1006178594868994
A5feTy,HN_4,0.1577772606222101,0.1156344154115615,0.1409526060545506
A5feTy,HP_1_H,0.1715650759556932,0.0775099487613461,0.1089696998538887
A5feTy,HP_1_L,0.1099949393865166,0.0991692338425365,0.0932278201450087
A5feTy,LN_1,0.0531624551906339,0.0090999711461024,0.0814987128573896
A5feTy,LN_2,0.0783816314278297,0.0702486050372856,0.1236445286934915
A5feTy,LN_4,0.0692898989081053,0.0335040843403713,0.074903519529418
A5feTy,LN_5,0.0287360532059746,0.0093642543402973,0.0645027803392708
A5feTy,LN_7_N,0.0887826363778376,0.0655134659323314,0.1147858264294341
A5feTy,LP_1,0.0780088793569125,0.0082551785694177,0.080090394166572
A5feTy,LP_2,0.1186857800255033,0.1140164684853453,0.0963023392760105
A5feTy,LP_3,0.3167711830684855,0.1560004001345585,0.1050225207761654
A5feTy,LP_6,0.1001158449325461,0.0540128061534086,0.0889142131001535
A5feTy,LP_7,0.0872838058209421,0.0591452494648415,0.0906989248765876
Bs73,HN_2_L,0.0731742736084045,0.0121750042815821,0.0362694076485058
Bs73,HN_3_H,0.0643249910567036,0.0086557409569788,0.0730321513822429
Bs73,HN_5,0.2992752253850774,0.0638398941060276,0.0986226013595919
Bs73,HN_6,0.1692357539625166,0.1491937281518956,0.1492037999669875
Bs73,HP_3_L,0.0685972711697538,0.0609893815702878,0.0892332678140572
Bs73,HP_3_H,0.092509727828344,0.0671077130526121,0.0601089977821289
Bs73,HP_4,0.0805484371806305,0.0589816449978983,0.0636902490913601
Bs73,HP_5,0.0712131872737363,0.0360293170987409,0.0779326713686724
Bs73,LN_1,0.0468507456504856,0.0400866958994381,0.0332262432530559
Bs73,LN_2,0.0267526876284659,0.021989036061238,0.0502873834483626
Bs73,LN_4,0.0713227039662467,0.0139959000196958,0.0431931110667499
Bs73,LN_6,0.2584380764516794,0.0422991861684263,0.0450719999522638
Bs73,LN_7_P,0.0967853634942634,0.0242566628035437,0.0385720132643796
Bs73,LN_7_N,0.1360025363769348,0.0282980066013649,0.0999168919018693
CVgs2,HN_1,0.2496304910179898,0.0678098609692825,0.1253828417436702
CVgs2,HN_3_H,0.2020930620368566,0.165197995177241,0.1364627017616388
CVgs2,HN_4,0.1605847076727967,0.0970985929780239,0.0593032697838028
CVgs2,HN_6,0.4359793736196458,0.0945458379344214,0.1557509130248482
CVgs2,HN_7,0.1422398819812534,0.1046776604330046,0.103725967971102
CVgs2,HP_2,0.079255950191857,0.0259143135162578,0.0842493572437929
CVgs2,HP_3_H,0.0869369515015431,0.0720598056419029,0.0686715004767308
CVgs2,HP_4,0.1646072538782532,0.0636208220914387,0.060942700313959
CVgs2,HP_7_L,0.0731836478495113,0.0558427341661805,0.0655449875001813
CVgs2,LN_1,0.0113621878054552,0.00257616386995,0.0193196575506216
CVgs2,LN_2,0.0669918059115729,0.0581732888300626,0.0257422149628619
CVgs2,LN_3,0.2279725952284917,0.0408073043224839,0.1327458532807
CVgs2,LP_1,0.0970081772353064,0.073010284601551,0.0848665133550121
CVgs2,LP_3,0.1537922807273776,0.0624930667843243,0.0978908111578795
CVgs2,LP_4,0.2640720696178502,0.054633518888365,0.0693530271155286
CVgs2,LP_5,0.1168910689836891,0.0507251015623384,0.0925215065319959
CoQmx,HN_2_L,0.0133432669071269,0.003706702317756,0.0240851584787211
CoQmx,HN_2_H,0.0501529859883103,0.0369846876215582,0.048614720015967
CoQmx,HN_3_L,0.0185629181524299,0.0077310105744795,0.0215043345036609
CoQmx,HN_3_H,0.1257739148806286,0.0632829860813097,0.0909452576002981
CoQmx,HN_4,0.3187984627463278,0.0416751262211117,0.0780680867163722
CoQmx,HN_5,0.33358007844725,0.0167708381246233,0.0525502338361816
CoQmx,HN_7,0.1045293415661736,0.0812772399686006,0.0844539869815364
CoQmx,HP_1_H,0.0662539478474528,0.0137755083117076,0.0584032308594886
CoQmx,HP_1_L,0.071887814688269,0.025935961895918,0.061906846085211
CoQmx,HP_3_L,0.0542865530871366,0.0254366927540835,0.0686474546965325
CoQmx,HP_3_H,0.0742543956537511,0.048154545425304,0.0643997831795105
CoQmx,HP_4,0.1144754621295744,0.0896218152266184,0.0844155004778603
CoQmx,HP_5,0.0385276305546564,0.0150825247441496,0.0642077728668876
CoQmx,HP_6,0.1508448225729405,0.0292288645637069,0.0736535640107433
CoQmx,HP_7_L,0.0768757118817303,0.0674086915410646,0.0711977150728378
CoQmx,HP_7_H,0.0747132631677177,0.0316671959872318,0.0656282584718774
CoQmx,LN_1,0.1291053730597022,0.0294314399457258,0.0418708529809889
CoQmx,LN_4,0.1516980727642843,0.0144155303628152,0.0860538239434207
CoQmx,LN_5,0.0810858196566725,0.0053670834330394,0.0375824791203705
CoQmx,LN_6,0.1895253909805077,0.021933883512245,0.0423333816789833
CoQmx,LN_7_P,0.0249571211541205,0.0234797137658834,0.0556043274948117
CoQmx,LN_7_N,0.1012789667053794,0.0109565189531603,0.0945445014662465
CoQmx,LP_2,0.0604542313290472,0.0182010006429062,0.04946734243757
CoQmx,LP_4,0.0830915047618777,0.0797551971969011,0.0679681772550201
CoQmx,LP_6,0.0250708046245348,0.0136723847416782,0.076867634035648
CoQmx,LP_7,0.0567549485968797,0.0261628124559624,0.0678315913988345
Cr1sTi,HN_1,0.1907923818760422,0.006878356769162,0.0400984284582524
Cr1sTi,HN_3_L,0.1755685685826422,0.0355248830576876,0.1203136821944638
Cr1sTi,HN_5,0.2741056145712676,0.0627151808732165,0.0271619186541699
Cr1sTi,HN_6,0.2727056460338631,0.0082863360044241,0.0294234622191233
Cr1sTi,HN_7,0.0115774285330161,0.0067655456707669,0.0264007003931025
Cr1sTi,HP_3_L,0.322092241558452,0.0840804990109597,0.1634582337194308
Cr1sTi,HP_3_H,0.0562099353446885,0.0145852043446641,0.0211270575095986
Cr1sTi,HP_4,0.0573316398517988,0.0321544298899465,0.0349330496932542
Cr1sTi,HP_5,0.0078216500885454,0.0075022351830854,0.0116454791551388
Cr1sTi,HP_6,0.0215606004617574,0.0166259652359709,0.0088034708721452
Cr1sTi,HP_7_L,0.0379984624976733,0.0210960016099019,0.0106446291313619
Cr1sTi,LN_1,0.0899185347001768,0.0566670992294967,0.0301870098861211
Cr1sTi,LN_3,0.2145379376115731,0.0178010598472346,0.0302247659546293
Cr1sTi,LN_6,0.1260683342798611,0.0509708445581005,0.0147370015828056
Cr1sTi,LN_7_P,0.0400963858463208,0.0249095956694241,0.0515694042056374
Cr1sTi,LP_3,0.1041399084743053,0.0415939837858342,0.0513536182542915
Cr1sTi,LP_4,0.1678580977445243,0.0158772673564914,0.0338873860401372
D9Hh9,HN_1,0.0283586949355032,0.0012328451339112,0.0312548161731635
D9Hh9,HN_2_L,0.2585171565821966,0.0084647027232011,0.1340889010121929
D9Hh9,HN_2_H,0.1893853343298827,0.0840318955649708,0.0429155207040293
D9Hh9,HN_3_L,0.1461809811999295,0.0169079459907233,0.0676522099231453
D9Hh9,HN_3_H,0.08902271666924,0.0690087885544668,0.0401356520411965
D9Hh9,HN_5,0.1330893529707513,0.0242525973163389,0.0182073245526608
D9Hh9,HN_6,0.3081399196907485,0.0340949970917104,0.0115934720378514
D9Hh9,HN_7,0.1280328772072204,0.0832678578220134,0.093392764451288
D9Hh9,HP_1_H,0.0233300954425854,0.0058894234038536,0.0218601317113544
D9Hh9,HP_1_L,0.0664677223527331,0.004986397483415,0.0084732172743994
D9Hh9,HP_2,0.1415319259025897,0.0513672180382216,0.0280222695093973
D9Hh9,HP_3_L,0.0668152238353731,0.0062448829916339,0.0126085632126157
D9Hh9,HP_3_H,0.0211177109490006,0.0199510537405538,0.0172541929078406
D9Hh9,HP_4,0.1074491218151334,0.0197907303167847,0.0033448596800553
D9Hh9,HP_5,0.0155147233457294,0.0061204851476575,0.0362579392498497
D9Hh9,HP_6,0.162335767150519,0.0184337430123731,0.0096916462066569
D9Hh9,HP_7_H,0.0651067812006848,0.014489995532073,0.0121183580125029
D9Hh9,LN_1,0.1024902350899671,0.0157774383190723,0.0319017236041391
D9Hh9,LN_2,0.1146357226358228,0.0569849302508354,0.0301572369760098
D9Hh9,LN_3,0.1730431351999485,0.020112421047018,0.0358803560984495
D9Hh9,LN_5,0.0180711114909107,0.007944924299342,0.0188859928075483
D9Hh9,LN_6,0.1052129329070617,0.0228432940365624,0.0273645259210583
D9Hh9,LN_7_P,0.0361906506298101,0.0157212034012226,0.0104057441062132
D9Hh9,LP_2,0.03386326230742,0.0238269926503561,0.0078397457248224
D9Hh9,LP_3,0.2136205896177445,0.002103151930638,0.0318282775435749
D9Hh9,LP_4,0.0557795883438732,0.0034480031220869,0.0247901910600295
D9Hh9,LP_5,0.0984726550258987,0.0379581944569169,0.0182771938307906
D9Hh9,LP_6,0.0566703129283463,0.0150210094883197,0.0270081910203215
D9Hh9,LP_7,0.0597516724224663,0.0250047043069871,0.0109775993938363
Dwf5T,HN_3_L,0.1663404898803226,0.0726920481136563,0.0934365298257224
Dwf5T,HN_4,0.2335698891598014,0.0156882022833572,0.049984438818723
Dwf5T,HN_6,0.4344898155487052,0.0479441318585813,0.0351293170173553
Dwf5T,HN_7,0.0875376189429077,0.0580987630860673,0.025974993481075
Dwf5T,HP_2,0.0360518899325737,0.0197701977933786,0.025886258874129
Dwf5T,HP_3_L,0.0658507507663674,0.0392241547516675,0.0490755040243866
Dwf5T,HP_5,0.0786844842145152,0.0521989184457167,0.0685592876859177
Dwf5T,HP_7_L,0.0430348006343798,0.0390495449113933,0.0455412751062758
Dwf5T,HP_7_H,0.0864140135321803,0.0636299248516772,0.0479187124178391
Dwf5T,LN_3,0.1234405375015769,0.0222545123461654,0.0683837102811253
Dwf5T,LN_4,0.0316239856391383,0.0194746654599792,0.0321362765717161
Dwf5T,LN_5,0.0400681288265732,0.0355772681438726,0.031548539830547
Dwf5T,LN_6,0.1299113939834784,0.0157220737586337,0.0246885898886459
Dwf5T,LN_7_N,0.0610768579193242,0.0046606582108456,0.0894835424333561
Dwf5T,LP_7,0.034910413868796,0.0112619903645536,0.0499877046164561
ERqc8,HN_1,0.2085563190536142,0.0932853908376123,0.0451676224604454
ERqc8,HN_2_L,0.0735704730852924,0.0434086542288055,0.0512280410086529
ERqc8,HN_2_H,0.0936022126375491,0.0827827522642123,0.0521510846300984
ERqc8,HN_3_L,0.0497146439078415,0.0267659806033048,0.0199010897908552
ERqc8,HN_4,0.3712844164446219,0.0532977785870154,0.0263687007208884
ERqc8,HN_6,0.313206145975147,0.0218851797048303,0.0184535831870659
ERqc8,HN_7,0.1873920548914191,0.032872457273355,0.0380799739429352
ERqc8,HP_1_H,0.0180922281981267,0.004678416377121,0.0092512362518765
ERqc8,HP_3_L,0.0580907192524853,0.0242880982557579,0.0031878799405187
ERqc8,HP_3_H,0.0570912111745432,0.0256414875772799,0.0300614499241105
ERqc8,HP_4,0.0180739142783229,0.0131288325444565,0.0017043668123479
ERqc8,HP_5,0.0317784011187245,0.007402426921337,0.0149254667777101
ERqc8,HP_6,0.1161918880256298,0.0494835763216324,0.0275317290724935
ERqc8,HP_7_L,0.0570887419229791,0.003438963230779,0.0195948411831175
ERqc8,LN_1,0.130918605389532,0.0117537840365669,0.037405761046509
ERqc8,LN_4,0.0039108046982085,0.0003537303464576,0.042422155287023
ERqc8,LN_5,0.1953653941361835,0.0241089355906154,0.052745417629677
ERqc8,LN_6,0.0187178164578637,0.0094035850602295,0.0156067351914915
ERqc8,LP_1,0.0420773397432705,0.0008340085569114,0.0202475250988045
ERqc8,LP_2,0.0334599986732263,0.0049582413694489,0.0220072187980565
ERqc8,LP_3,0.0813577947488131,0.0006291808003295,0.0364631694656436
ERqc8,LP_4,0.09944752840673,0.0205171404678711,0.0269239776624433
ERqc8,LP_5,0.0194516532560891,0.0038095163558767,0.0303361110401911
EXAMPLE,HN_1,0.3839373137072936,0.2819813978017928,0.2488079591587495
EXAMPLE,HN_2_H,0.407970813126326,0.3365955767519374,0.4396405931208612
EXAMPLE,HN_3_L,0.0192248448298178,0.0125925547163778,0.0124511052562012
EXAMPLE,HN_4,0.4142222116266973,0.2058510660201143,0.1927597041328612
EXAMPLE,HN_5,0.2311202810669985,0.1282848587715392,0.083697626430032
EXAMPLE,HN_6,0.4219883148833859,0.096781223871189,0.1153970436681432
EXAMPLE,HN_7,0.2183272485753089,0.1265610138654661,0.1097666899008855
EXAMPLE,HP_3_L,0.2835396027564554,0.0142900360405244,0.0373503746539575
EXAMPLE,HP_3_H,0.1177954558886488,0.0769222592982788,0.0695518170387441
EXAMPLE,HP_7_L,0.0912049495384799,0.0335786382941589,0.0647189799394327
EXAMPLE,LN_2,0.1157911751001175,0.0629837360505303,0.0379292068058968
EXAMPLE,LN_3,0.4674914120877903,0.4543933684013534,0.4415023931979877
EXAMPLE,LN_5,0.1204799324403339,0.005595703826476,0.038640267347241
EXAMPLE,LN_6,0.0762376069877128,0.0213930753693767,0.0175999595793483
EXAMPLE,LN_7_P,0.1457892733918941,0.0251286869011993,0.0509014440997523
EXAMPLE,LP_7,0.0996952279493529,0.0751047055687909,0.048842634836969
F5tXL,HN_1,0.2074331403031969,0.0419553308462374,0.0238702733446216
F5tXL,HN_2_H,0.2210300071488435,0.0209376703315687,0.0320087300325352
F5tXL,HN_3_L,0.0485232943037218,0.0144915671837102,0.0143056088734449
F5tXL,HN_3_H,0.1188247449531552,0.0522741152037929,0.0356430783727126
F5tXL,HN_5,0.3795099309896371,0.0294521315273219,0.0498882583216013
F5tXL,HN_6,0.2769746826127575,0.0527726839337953,0.0142683341124111
F5tXL,HN_7,0.140331652662484,0.0859758189423443,0.0296999371845139
F5tXL,HP_1_H,0.037759255996219,0.0113844607279303,0.0315400090869967
F5tXL,HP_3_L,0.0228050806560591,0.0073442760885261,0.0224549486843372
F5tXL,HP_6,0.0734206403435117,0.0522602376026187,0.0220201862751712
F5tXL,HP_7_L,0.0936289749116518,0.0001361505890893,0.0180660295896635
F5tXL,LN_1,0.0347384717905826,0.0056892289171874,0.0144696705076858
F5tXL,LN_2,0.1086483193457811,0.0569161390000634,0.0591203112001359
F5tXL,LN_3,0.1753952544670021,0.0412744898099989,0.0352656468445652
F5tXL,LN_7_P,0.0763243672793072,0.0190504220803863,0.0248628326298251
F5tXL,LN_7_N,0.0261590926106995,0.0030602968002247,0.0255588091231302
F5tXL,LP_1,0.0309234510358751,0.0093889603278819,0.0138578592936679
F5tXL,LP_2,0.0717570902659274,0.0156154191362563,0.0154965604322508
F5tXL,LP_3,0.2123154025837938,0.0172026664086813,0.021416319112661
F5tXL,LP_4,0.2337848179771413,0.0091429502873967,0.0124188938984951
F5tXL,LP_7,0.0231140639826655,0.0107625235578491,0.0258095312481345
F8mDn,HN_1,0.3695217621534162,0.1296251968827704,0.1962577497963364
F8mDn,HN_2_L,0.0828027649723466,0.0647966127797613,0.0707943995648189
F8mDn,HN_2_H,0.2164557115601734,0.1498643483191385,0.1320620305035659
F8mDn,HN_5,0.3819883140560169,0.1814984969605252,0.1487992441931462
F8mDn,HN_6,0.1942415726143889,0.1891014774767271,0.1631955583496616
F8mDn,HN_7,0.2043293056646178,0.1740161385910845,0.154796261807592
F8mDn,HP_2,0.1157181877204265,0.0841533716784821,0.1317921769260632
F8mDn,HP_3_H,0.1083092162711205,0.0993753231174919,0.1092720240135431
F8mDn,HP_4,0.1159292731164993,0.082934492565403,0.0878462939287924
F8mDn,HP_6,0.1343059052415673,0.1097452055262653,0.0881976571422547
F8mDn,HP_7_L,0.1125522858177367,0.100306872964087,0.1067996222623028
F8mDn,HP_7_H,0.1098178022414122,0.1032452670168657,0.1023970177617783
F8mDn,LN_1,0.0173844935932574,0.0075717300949491,0.0290934508096879
F8mDn,LN_2,0.1038973866376408,0.0795617530991316,0.0412156495855259
F8mDn,LN_3,0.3895454263990743,0.1151257584192148,0.2161754546334649
F8mDn,LN_4,0.1043083078893015,0.1029594287280724,0.0804900258356884
F8mDn,LP_1,0.1097836763079904,0.1078236946353186,0.1086790537279412
F8mDn,LP_3,0.1737091349046597,0.0964199471120031,0.1455617073546105
F8mDn,LP_4,0.3643885589973304,0.1114807421127614,0.118926795478988
F8mDn,LP_5,0.1384253615009505,0.1204851742504359,0.1387864548749144
F8mDn,LP_7,0.3264385634036812,0.1146333555682289,0.120904721163505
Fjil72,HN_3_L,0.0577121099320538,0.0104694966997328,0.0316797137509789
Fjil72,HN_3_H,0.0385254115074535,0.012115688420698,0.0186658080378049
Fjil72,HN_5,0.0077618884766243,0.0051968090552308,0.011718150358709
Fjil72,HN_6,0.1580424291605636,0.0055848587168613,0.0394907589135556
Fjil72,HN_7,0.1926020342793492,0.0307129427988183,0.0196837065349305
Fjil72,HP_1_H,0.0208848256022079,0.0068852590243536,0.020419650863903
Fjil72,HP_1_L,0.0240234577161284,0.0039321266950698,0.0113482735298049
Fjil72,HP_2,0.0411998581261008,0.0351755714023071,0.0062048328145117
Fjil72,HP_3_L,0.1269468271443581,0.0040476811153332,0.0204702271521239
Fjil72,HP_3_H,0.0265736958486445,0.0091215146341933,0.003706343278024
Fjil72,HP_4,0.0910147317863699,0.0110597932090187,0.0097678267041957
Fjil72,HP_5,0.0675764957881186,0.0189523823763667,0.0335862254811965
Fjil72,HP_6,0.0533426562614738,0.0294376165125141,0.0154445720984152
Fjil72,HP_7_L,0.0087841474588679,0.0026088789974544,0.0090498522687664
Fjil72,LN_1,0.18187220376361,0.0385467344607241,0.0831432047482828
Fjil72,LN_3,0.2843225666823346,0.0859153627314856,0.010890123129111
Fjil72,LN_4,0.0546680769281318,0.0172206213448753,0.0373719207296932
Fjil72,LN_5,0.1281563647281041,0.0207319070901449,0.0614297637635505
Fjil72,LN_7_P,0.022924161995047,0.0015142439540304,0.0224443521987017
Fjil72,LP_4,0.1150025645736961,0.0043997478684222,0.0120904796019078
Fjil72,LP_6,0.0042635043985189,0.0033943489463863,0.0371948766265041
Fjil72,LP_7,0.0682847962500161,0.0198803787244417,0.0164117518618736
G4Egk,HN_2_L,0.0055567733270092,0.0034179259257583,0.0293136233913006
G4Egk,HN_2_H,0.1321902880876308,0.0607279205805249,0.0979031068405376
G4Egk,HN_5,0.1358896295889914,0.0748632805874982,0.1021034967180609
G4Egk,HP_1_H,0.0833521350453301,0.0582387886459764,0.0894549567814974
G4Egk,HP_1_L,0.1193190358603337,0.080805291604347,0.0938110588587338
G4Egk,HP_3_L,0.4075124633356017,0.0315345307603643,0.1192820569395182
G4Egk,HP_4,0.1170407531445709,0.0949695250739498,0.094895149570181
G4Egk,HP_5,0.0820817379911663,0.0555681615064578,0.0897098756257498
G4Egk,HP_6,0.0679213394741313,0.0461286939238093,0.0746446614865266
G4Egk,HP_7_H,0.1111649877741405,0.0875258129166958,0.0876559250961853
G4Egk,LN_2,0.0505911781946006,0.0216725497294617,0.0688859990082957
G4Egk,LN_4,0.0504318788544711,0.0232482578151738,0.061626244192281
G4Egk,LN_5,0.0295437452368436,0.0005780249075918,0.0248561330209371
G4Egk,LN_6,0.0575292838963606,0.0133078470870256,0.0473583269157983
G4Egk,LN_7_P,0.0212489811443826,0.0115801795293962,0.0480501083652496
G4Egk,LN_7_N,0.127196516090056,0.034656137915234,0.1199195962322655
G4Egk,LP_1,0.095192631980023,0.0871726969331865,0.0827380903412477
G4Egk,LP_6,0.0638214720296488,0.0023856714176332,0.0829717877970065
G4dLl,HN_1,0.387172407565936,0.2268950541955139,0.2386012711746811
G4dLl,HN_2_L,0.0522367932983829,0.0439849732256104,0.053399518092288
G4dLl,HN_2_H,0.6189287518848047,0.2205005609881281,0.4709452765024025
G4dLl,HN_3_L,0.1601521281878326,0.0261154914914385,0.0215503762634361
G4dLl,HN_6,0.2933292036872225,0.1697914589364577,0.1754450832335236
G4dLl,HN_7,0.2752762090358171,0.183001872504515,0.171024444270905
G4dLl,HP_2,0.1680981081954286,0.0966622495621344,0.1328386661050705
G4dLl,HP_4,0.1350128972082792,0.0899626285554322,0.0905930849989443
G4dLl,LN_1,0.1335905053044988,0.0200350416308551,0.0318885313653284
G4dLl,LN_3,0.4561214078967183,0.2747340873249468,0.2513875841656358
G4dLl,LN_5,0.1137340013296886,0.0089751589963011,0.0289840673841803
G4dLl,LN_7_P,0.0492199995988513,0.0300073310800635,0.013573722647274
G4dLl,LN_7_N,0.1579012152142979,0.1511700807856224,0.116745690523508
G4dLl,LP_3,0.1405949847519954,0.1260643261595449,0.1445183219715993
G4dLl,LP_4,0.2661657261132613,0.1040439323274873,0.1142084615381509
G4dLl,LP_6,0.1204148160891602,0.0934032546202532,0.0483041682181506
G5XzoP,HN_2_H,0.0708018744715511,0.0417568505899109,0.0133652415688052
G5XzoP,HN_3_L,0.0756209244889691,0.0078241616292524,0.0201611105705254
G5XzoP,HN_3_H,0.0575953786493159,0.002756659907464,0.0305392213138058
G5XzoP,HN_4,0.0186650476499482,0.0015286511247723,0.0479536086414092
G5XzoP,HN_5,0.0559357421717118,0.0117955512495053,0.018101346012127
G5XzoP,HN_7,0.1473617735802699,0.0132172244693319,0.0174669512726663
G5XzoP,HP_1_H,0.0272556070176306,0.0151138269817899,0.0269945110689438
G5XzoP,HP_2,0.0994387296884919,0.0914134604289314,0.0302568056642913
G5XzoP,HP_3_L,0.0472357765332188,0.0040956068532134,0.0309335302616492
G5XzoP,HP_3_H,0.0661017487085761,0.0175182533865178,0.0133526567558728
G5XzoP,HP_4,0.1265946101614776,0.0468330907844533,0.0402940372839351
G5XzoP,HP_5,0.0538822593238368,0.0092581985540828,0.0245177654880476
G5XzoP,HP_6,0.0389753925444727,0.00770665446792,0.02647449975804
G5XzoP,HP_7_H,0.014217485320631,0.0017793271825334,0.018833504955744
G5XzoP,LN_1,0.0593516646751308,0.0026662702379471,0.0409266539872934
G5XzoP,LN_2,0.0160146043754963,0.0139508705439338,0.0313743148627051
G5XzoP,LN_3,0.2285381923411951,0.0678253631458739,0.0226384746705058
G5XzoP,LN_4,0.008242600447445,0.007350847538523,0.0352880634399495
G5XzoP,LN_5,0.0368187387690287,0.0122402416501494,0.027676619730474
G5XzoP,LN_6,0.0890554625874736,0.0012311893453558,0.0335583027956652
G5XzoP,LN_7_P,0.0607140950256776,0.0112385677436166,0.0253523329643076
G5XzoP,LN_7_N,0.0977833543431226,0.0047594281895312,0.0573651102022656
G5XzoP,LP_1,0.0403068437233814,0.0330018651852361,0.0217468529123466
G5XzoP,LP_2,0.1281201717049733,0.0070097964977742,0.0173129209739128
G5XzoP,LP_3,0.1389083205451035,0.0111291894973819,0.0155515203075458
G5XzoP,LP_4,0.0820461401866708,0.0245059797205855,0.0096037945841948
G5XzoP,LP_5,0.0760938878422005,0.0385913259265916,0.0078259954864026
G5XzoP,LP_6,0.117077976215514,0.0144415468650027,0.0313220795665503
G5XzoP,LP_7,0.0707471190658328,0.0044268848684272,0.0199485619147621
GFGzP,HN_4,0.0476864988367197,0.0299903379023894,0.0229604224457455
GFGzP,HN_6,0.1277767323744841,0.0065143352462612,0.047019520277302
GFGzP,HN_7,0.1494816414743905,0.0444205399218964,0.0610314970929062
GFGzP,HP_1_H,0.0634559567270137,0.0315672955715844,0.0117675085619797
GFGzP,HP_2,0.4109329024314903,0.0032101829564959,0.0715664585937488
GFGzP,HP_3_L,0.0284952560830532,0.0184722093621858,0.0103580246310555
GFGzP,HP_4,0.2674728543730238,0.104029483091408,0.0802566549100144
GFGzP,HP_5,0.0473437282754745,0.0264831056623684,0.0154375493190774
GFGzP,HP_7_L,0.0942565973043247,0.0086573672620464,0.0282228665834873
GFGzP,HP_7_H,0.053371405597332,0.0010891683142711,0.0228439438341114
GFGzP,LN_1,0.0137351796394761,0.0021577282338798,0.0372411331576962
GFGzP,LN_3,0.2629045575247385,0.0519103775645997,0.0944840565829295
GFGzP,LN_4,0.018677488654267,0.0183600566086377,0.020786910450722
GFGzP,LN_6,0.0320593613549921,0.0035673260946192,0.0293470338253657
GFGzP,LP_1,0.0782095244393258,0.0025338221951207,0.0508797182149756
GFGzP,LP_2,0.0362811356630434,0.0031293854178857,0.0290769928390719
GFGzP,LP_3,0.4478472267759969,0.0145144163602133,0.076024837511425
GFGzP,LP_4,0.3539134163727533,0.0192315716701443,0.0462627326849568
GFGzP,LP_6,0.1151131676990692,0.0015274981287171,0.0298538854181537
GHft8,HN_1,0.386373926836106,0.1611873411281878,0.177305330830628
GHft8,HN_2_L,0.2481835875807898,0.0901941617100208,0.1969222125711671
GHft8,HN_3_L,0.1771379841327118,0.0871156796988279,0.0691137421042714
GHft8,HN_4,0.3444301604015733,0.1603907935049038,0.1164246397135385
GHft8,HN_5,0.5013167542007197,0.1605225910509081,0.1310239375051624
GHft8,HN_6,0.5321317323703931,0.2388553816365416,0.2175028846334804
GHft8,HN_7,0.2482321445557823,0.2393919315063303,0.2038668942248765
GHft8,HP_2,0.1683324083357357,0.1081245340969132,0.1223068812034729
GHft8,HP_3_L,0.2083327010491535,0.076509579726703,0.0444525344488379
GHft8,HP_3_H,0.1044876545222528,0.0823760465807103,0.1057755129462219
GHft8,HP_4,0.1342517736704344,0.0324908516688133,0.0624022856819294
GHft8,HP_7_H,0.1086637329740173,0.0937164157316831,0.0996037162508647
GHft8,LN_2,0.120745449491375,0.1126347326271023,0.118361994796065
GHft8,LN_3,0.3949820640800514,0.2832923034559796,0.2899171961173762
GHft8,LN_5,0.1270297423405159,0.0332753478420606,0.0304561004709789
GHft8,LN_6,0.0621803440083226,0.0074987783300083,0.0594500929743185
GHft8,LN_7_P,0.2481182733114318,0.023128970385782,0.0407169733703359
GHft8,LN_7_N,0.1109925225635437,0.0926308412600666,0.0290500753165087
GHft8,LP_2,0.0920352203482797,0.0686276892580845,0.0838463162738022
GHft8,LP_3,0.2094940545255604,0.1229917771021709,0.1275134566849417
GHft8,LP_4,0.1120235257506245,0.0804024360387576,0.0921992633663981
GHft8,LP_7,0.1847186570727011,0.0989311315228413,0.0619572482507263
Gax8,HN_2_H,0.023464670001228,0.0092288503376498,0.0368071197187961
Gax8,HN_3_L,0.0308255908708998,0.0289273424469283,0.0531352949797451
Gax8,HN_3_H,0.1147172574423759,0.0217066745204177,0.0308517975784474
Gax8,HN_4,0.0319308562427509,0.0222419236974462,0.0599483412530887
Gax8,HN_5,0.3188256066511209,0.0453402565962791,0.0240615332048031
Gax8,HN_6,0.2101303593579945,0.0661821263183731,0.0536266931517691
Gax8,HN_7,0.0135323430305752,0.0122147436972086,0.029767515604188
Gax8,HP_1_H,0.0527329087972096,0.0101012389314071,0.0302988113634508
Gax8,HP_1_L,0.0785739296622402,0.0211037431656062,0.0333630180047946
Gax8,HP_2,0.062975170974235,0.0562166346180111,0.0096029556175329
Gax8,HP_3_L,0.1397333546955321,0.0149162086090704,0.0411980363268727
Gax8,HP_5,0.0349093233638984,0.0118555055905253,0.0320093457917497
Gax8,HP_6,0.0222400958224686,0.0208154133243454,0.0352327517067912
Gax8,HP_7_H,0.0652792518317472,0.0352842646014656,0.0253190885559818
Gax8,LN_1,0.1056006894851311,0.00975325233476,0.0463851130305912
Gax8,LN_2,0.0522970907781728,0.0165490291978183,0.0300666781492721
Gax8,LN_5,0.0431687942341053,0.0405675223939907,0.0260645205368566
Gax8,LN_6,0.127670353667452,0.0116072003031302,0.0654347888129754
Gax8,LP_4,0.101373026011065,0.0793913004312174,0.0289636772974264
Gax8,LP_6,0.0679018940069655,0.0144230394442867,0.0504059781412798
Gftw5,HN_2_L,0.070065796714039,0.0045501774828277,0.0092937797900024
Gftw5,HN_2_H,0.0046355662924441,0.0032940650369734,0.0319674864414195
Gftw5,HN_3_L,0.0280764177525236,0.0148873288959031,0.0163809073124304
Gftw5,HN_3_H,0.1137990536416826,0.0396838036270185,0.0225677078234539
Gftw5,HN_4,0.0442573566231738,0.0212804586011352,0.061419392825442
Gftw5,HN_5,0.0049013112963221,0.0005726887084942,0.0266611919954595
Gftw5,HN_6,0.2196289877521061,0.1116517747477396,0.0659784381693561
Gftw5,HN_7,0.0912193456112542,0.0109528417996006,0.024615576382817
Gftw5,HP_1_L,0.0655781779912291,0.0543774692635817,0.0372490352557681
Gftw5,HP_2,0.1488535644874459,0.0167556660615354,0.0228102963396645
Gftw5,HP_4,0.0414554878632201,0.0343484048298471,0.0370427136744138
Gftw5,HP_5,0.087278946713534,0.039876661398374,0.041946038717298
Gftw5,HP_6,0.0312451598305413,0.0175253742275408,0.0330544250924823
Gftw5,LN_1,0.017562718506877,0.0087514412655239,0.0170880275136512
Gftw5,LN_2,0.0126401639452538,0.0013226050992203,0.0431772374404499
Gftw5,LN_4,0.0435387494815363,0.0135532803603155,0.0508715840665208
Gftw5,LN_5,0.0773459619408195,0.0047512017350205,0.0307843862078404
Gftw5,LN_6,0.119441985709302,0.0472683711668443,0.0855529945375295
Gftw5,LN_7_P,0.0168553193828075,0.0156408247391308,0.018639285086399
Gftw5,LP_3,0.0452652004324122,0.0399255728601592,0.015643532579931
Gftw5,LP_4,0.1602998401321239,0.0137086439377384,0.0240721222909548
Gftw5,LP_6,0.0243197489633414,0.0020879109901475,0.0438305281156211
Gftw5,LP_7,0.1214957827839086,0.0069909911193511,0.0252788832490477
Gr33d,HN_2_L,0.0875215272387787,0.0311629130563407,0.0485224008259159
Gr33d,HN_3_L,0.0432618443442324,0.0058110319465029,0.02156096213635
Gr33d,HN_4,0.0977908174944587,0.0130190019128954,0.0156827660593011
Gr33d,HN_5,0.3483391152545378,0.0285776920990893,0.0518295477728671
Gr33d,HN_6,0.376848102048233,0.0215213954461824,0.0170229369958012
Gr33d,HN_7,0.0836542455147673,0.0809181246440698,0.0497176824211289
Gr33d,HP_1_L,0.0086862712540484,0.0045935158435548,0.0097588908603022
Gr33d,HP_3_L,0.3578044440972514,0.125201766023066,0.1074896532139856
Gr33d,HP_4,0.190416753189509,0.016389246171507,0.0228382840810665
Gr33d,HP_5,0.0504581269676021,0.0277258967906415,0.0316555122679449
Gr33d,HP_7_L,0.0375359544316396,9.519157147583955e-05,0.0085485953894032
Gr33d,LN_1,0.0588700265096976,0.0190284608153821,0.0302741302714759
Gr33d,LN_2,0.0125002384396092,0.0117878754358944,0.0229411951634136
Gr33d,LN_3,0.1247666929869672,0.0688470530660791,0.0799137007208415
Gr33d,LN_4,0.0467199391780415,0.0151215121233606,0.0461144623854103
Gr33d,LN_5,0.0107857723238157,0.0084331427821418,0.0152039890379807
Gr33d,LN_6,0.0446242401669867,0.0098465903991494,0.0145220234749164
Gr33d,LN_7_P,0.0275624273507923,0.0032801602708915,0.0194639589473764
Gr33d,LN_7_N,0.131442818095945,0.0594716748155927,0.0207040870169782
Gr33d,LP_1,0.0145583927593315,0.0067528753302395,0.0099212212234815
Gr33d,LP_3,0.1223644635518974,0.0083986183761096,0.0427187794820115
Gr33d,LP_4,0.0504072202478955,0.0031833711110508,0.0117520584245273
Gr33d,LP_5,0.0968105645660766,0.0937238337930725,0.0641011699836849
Gr33d,LP_6,0.0568142645472934,0.0500934864921275,0.0240007307231338
Hx7dO,HN_1,0.2974811332633219,0.1263865486395181,0.1502644936019339
Hx7dO,HN_2_L,0.1500715451078282,0.0176601479070216,0.0435729890522118
Hx7dO,HN_2_H,0.5178015118833806,0.0755323536918454,0.1287957222405387
Hx7dO,HN_3_L,0.0378091132845373,0.0309294401719883,0.0268856514533994
Hx7dO,HN_4,0.3868944883294493,0.0991123851245573,0.0810452000681301
Hx7dO,HN_5,0.4387491420689032,0.1059600483157069,0.1029037202061819
Hx7dO,HN_6,0.5674616558498287,0.0782011524104117,0.1242324193463764
Hx7dO,HN_7,0.2695338038371983,0.1343979720720024,0.1289781741480376
Hx7dO,HP_2,0.1113204134058238,0.0858306289228767,0.0990363484992115
Hx7dO,HP_3_L,0.1094118629412797,0.04999699320911,0.0404422240757963
Hx7dO,HP_3_H,0.127232736498521,0.049121779106332,0.0726205054780241
Hx7dO,HP_4,0.0962589182149381,0.0324812075013547,0.0508719199321394
Hx7dO,HP_5,0.0607886382510826,0.0368570156131276,0.0353842803969656
Hx7dO,HP_6,0.078495861297375,0.0661258986186039,0.0602829046633398
Hx7dO,HP_7_L,0.0854286831509231,0.0772177674221506,0.0833058113817181
Hx7dO,HP_7_H,0.1000187284675248,0.0334398911189275,0.0622553826664983
Hx7dO,LN_1,0.0546215667773189,0.0049988396732522,0.0290572338201339
Hx7dO,LN_2,0.123742953812239,0.0300695560411362,0.0098132869293539
Hx7dO,LN_3,0.3869123719913349,0.1125004870408935,0.1708769162922219
Hx7dO,LN_6,0.0501318344626182,0.0034726235307928,0.0254318720634842
Hx7dO,LP_1,0.1015240706496421,0.0364060650087769,0.0717726081217667
Hx7dO,LP_2,0.1132217255661585,0.0815491460351717,0.0844984833080618
Hx7dO,LP_3,0.2713297943885019,0.0557435154691554,0.1076374199227579
Hx7dO,LP_4,0.1600161853542606,0.0312151352880746,0.0737805638185031
KWgkc,HN_1,0.1144841327860078,0.0557798978479076,0.1027053533519302
KWgkc,HN_2_H,0.2461288307795587,0.017775125111236,0.0487843797010958
KWgkc,HN_4,0.2224610160576811,0.0586110499997605,0.0778229832885092
KWgkc,HN_5,0.1993466435134559,0.0926363102161151,0.0872506123906909
KWgkc,HN_6,0.2324473632348652,0.1031788967863027,0.0726921434302918
KWgkc,HP_2,0.0248867494690898,0.022858371718444,0.0377207479792524
KWgkc,HP_3_L,0.2098983364695762,0.0418852101240803,0.0410904847027517
KWgkc,HP_6,0.0797363739659014,0.018931695059086,0.0519939087481629
KWgkc,HP_7_L,0.0395294495222041,0.000912281027889,0.0246866679739961
KWgkc,LN_2,0.0630716373515654,0.0141495580922901,0.0474732865944396
KWgkc,LN_4,0.0728141730856352,0.0208283779885369,0.0662130122654762
KWgkc,LN_5,0.1215027751531737,0.005640110631416,0.0352142121948429
KWgkc,LN_6,0.0436612240948048,0.0133029648058022,0.0229619265773366
KWgkc,LN_7_P,0.1543449114554373,0.0120996888333711,0.0530128048731709
KWgkc,LN_7_N,0.0580101657420784,0.0305506554576555,0.1001401943534027
KWgkc,LP_1,0.0461091500613117,0.0152330946714892,0.0420424982768083
KWgkc,LP_4,0.0458734709091021,0.0406527633462304,0.0365450445560847
KWgkc,LP_5,0.0417327654996292,0.0099482386695463,0.0220865321524148
KWgkc,LP_6,0.1003794002498843,0.0259049301608465,0.0839476737485753
KWgkc,LP_7,0.0610868689368272,0.0195039194746347,0.0402072273384275
Kgh4P3,HN_1,0.1983084429647081,0.057619135545096,0.0275853554947938
Kgh4P3,HN_2_L,0.0918654594910017,0.0120915806174181,0.0301474041857301
Kgh4P3,HN_2_H,0.2905910101322654,0.0384539393958592,0.018791411813531
Kgh4P3,HN_3_L,0.0558716634377055,0.0138022400948871,0.0199805056982262
Kgh4P3,HN_3_H,0.1261490196011845,0.1203777635546236,0.0781521178074907
Kgh4P3,HN_4,0.3642488574673985,0.0174975798721968,0.0173252541959816
Kgh4P3,HN_5,0.1915343696388075,0.0575431618491524,0.0201160564988763
Kgh4P3,HN_6,0.2507865990506112,0.0904491244230848,0.0916214169516057
Kgh4P3,HN_7,0.138584897124229,0.0766273530155671,0.0396209663130055
Kgh4P3,HP_1_H,0.0263482623237076,0.0054834195711936,0.0239505317064156
Kgh4P3,HP_1_L,0.0401348616298045,0.0131764835861604,0.0086956670591486
Kgh4P3,HP_2,0.0068164286754887,0.0044714187766625,0.0472263170267594
Kgh4P3,HP_4,0.0286086641216666,0.0090079469641175,0.0082334330520696
Kgh4P3,HP_6,0.0192137328894136,0.0063698059285349,0.0082257888875133
Kgh4P3,HP_7_L,0.0330748201014725,0.011633740128995,0.0171655287663582
Kgh4P3,HP_7_H,0.0272726689725487,0.0067200109466206,0.0123049542924074
Kgh4P3,LN_2,0.0755995020981676,0.0190143997979292,0.0499153677811733
Kgh4P3,LN_3,0.1587469554789942,0.0566479441826097,0.0488181608059694
Kgh4P3,LN_5,0.0525298166468114,0.0104855959259991,0.0278657393950799
Kgh4P3,LN_6,0.139413416724374,0.0403631219756278,0.0860704123862901
Kgh4P3,LN_7_N,0.1141424707015589,0.0602745343365969,0.022962907077464
Kgh4P3,LP_1,0.0124875782902476,0.0040728003170498,0.0195618917726512
Kgh4P3,LP_3,0.1416787644346893,0.0049836577280063,0.0471542494919765
Kgh4P3,LP_4,0.0762474710031457,0.0406082422393255,0.0495979458208847
Kgh4P3,LP_5,0.0809086625081126,0.0327444156110665,0.0243708805066015
Kgh4P3,LP_7,0.0285361343774164,0.0202833023324398,0.0157244206320146
KoG5ii,HN_1,0.2925525091470377,0.0376021645027706,0.0847929018997738
KoG5ii,HN_2_L,0.0420680058556244,0.0131052213574826,0.0316871291450833
KoG5ii,HN_3_L,0.0059077908860062,0.0009102699497812,0.0377995306871742
KoG5ii,HN_4,0.0628242357346854,0.03623873722566,0.0313710264216115
KoG5ii,HN_5,0.4134222351792373,0.0640963371733275,0.050685223780779
KoG5ii,HN_6,0.2544311160088747,0.0197691855338918,0.0441394217508941
KoG5ii,HN_7,0.1070202149789978,0.105058816518272,0.0535605936361242
KoG5ii,HP_2,0.0403603204044444,0.0360198173474923,0.0608657646990786
KoG5ii,HP_3_L,0.0248698607646525,0.0153535538500561,0.0210469306614621
KoG5ii,HP_3_H,0.0658580976109316,0.0394597502893555,0.0366225682989929
KoG5ii,HP_4,0.0086978072513419,0.0037908943573606,0.0169383930461272
KoG5ii,HP_6,0.0421164008024888,0.0379853325703992,0.0346943267019325
KoG5ii,HP_7_L,0.037841670617429,0.025144981773439,0.0406086825450276
KoG5ii,HP_7_H,0.0484091389179974,0.0423240082459284,0.0341673175418794
KoG5ii,LN_2,0.0553028397923616,0.007290429807044,0.0279851632774448
KoG5ii,LN_3,0.2791591852450831,0.0498058315670625,0.0842611688154112
KoG5ii,LN_4,0.0453172171402491,0.0109778741642627,0.037711667695429
KoG5ii,LN_5,0.1385681233386066,0.010459752456821,0.0526585156040536
KoG5ii,LN_6,0.015255032242972,0.0093689828399309,0.0327806049810992
KoG5ii,LN_7_P,0.0254092000786267,0.0091804805875388,0.0374928567782159
KoG5ii,LP_1,0.0366485368577514,0.0362784290227739,0.037775333600641
KoG5ii,LP_3,0.1052222138299761,0.0336816080969548,0.0913930402066109
KoG5ii,LP_4,0.0352948050485465,0.0299751213768632,0.0480936761936324
KoG5ii,LP_5,0.0526530208034865,0.0107607102050136,0.0446689060917456
KoG5ii,LP_6,0.0319256827128818,0.0072023084358343,0.0386263040439394
KoG5ii,LP_7,0.0822880341027536,0.0119390193586583,0.0149857779125782
LR96S,HN_1,0.2555229487721977,0.1376703266300724,0.1526972008925231
LR96S,HN_2_L,0.0685221620086069,0.058000789610558,0.041851439312886
LR96S,HN_3_L,0.0373073689411525,0.0212067846675678,0.0211154544825191
LR96S,HN_6,0.1256136353659347,0.1212652148448689,0.1139871802062875
LR96S,HN_7,0.2703003560673741,0.1994607752125757,0.16236101594533
LR96S,HP_1_H,0.0657232279526018,0.056845139480929,0.0453038564044093
LR96S,HP_2,0.0775303233493938,0.068881357512848,0.1135133192106493
LR96S,HP_4,0.1276787330704685,0.0395002422647047,0.0676225238079801
LR96S,LN_1,0.0180504865776109,0.0167045355580443,0.0171805026830923
LR96S,LN_3,0.260342985080903,0.1002940184362475,0.1692121423757573
LR96S,LN_7_P,0.0421102223182166,0.0118370375614259,0.0269228567372275
LR96S,LP_1,0.0953752528548588,0.0871685445104633,0.0868944991206424
LR96S,LP_3,0.270011348162345,0.0327987430750118,0.1098053395370392
LR96S,LP_4,0.2986264280891622,0.0665280154378834,0.0958998452383033
LR96S,LP_6,0.247371921624173,0.0823029479936278,0.1080490602811818
LR96S,LP_7,0.28734891526256,0.1014243959984512,0.0971097670792835
M4t7k,HN_1,0.0363409477782669,0.0140471641344226,0.0149878481489942
M4t7k,HN_3_L,0.0120542784396442,0.0049249835780797,0.0296465145621156
M4t7k,HN_5,0.1329078730553172,0.0479521705817166,0.011234236993544
M4t7k,HN_6,0.0959422007534713,0.027418024704674,0.0367800625625031
M4t7k,HP_4,0.4378959597577276,0.0009098852985896,0.1106508717006504
M4t7k,HP_5,0.0959392343681279,0.035739280424057,0.0422967420439898
M4t7k,HP_6,0.0387706096821491,0.001807523993367,0.0138072087325564
M4t7k,LN_1,0.0627727765500354,0.0276011584618424,0.0324075162090477
M4t7k,LN_2,0.0584161541394279,0.0583104650015699,0.0780545884511354
M4t7k,LN_3,0.104713460394147,0.0599622752600687,0.0327017000813432
M4t7k,LN_4,0.0158439869851268,0.0026956265466261,0.0280917652953689
M4t7k,LN_6,0.0361758639182064,0.0115964517679792,0.0211164159939307
M4t7k,LN_7_N,0.0374080141058857,0.0240442902043235,0.0367885601651809
M4t7k,LP_3,0.1715047079610988,0.0357076247984416,0.0211545681549038
M4t7k,LP_4,0.0153362581391126,0.0062320485154674,0.0213231992692587
M4t7k,LP_5,0.0450786002634134,0.0284862278741789,0.0223656178577837
M4t7k,LP_6,0.1724920169870013,0.0053915854359453,0.0222509411548387
M4t7k,LP_7,0.1525811740563561,0.038589318804475,0.0166050744669477
NMy2s,HN_1,0.2005973484457476,0.0140417848594555,0.1669401291659862
NMy2s,HN_2_L,0.0804286002951569,0.0273655128367761,0.0215725974879853
NMy2s,HN_2_H,0.1161647989669631,0.1018231844203588,0.0963530560276673
NMy2s,HN_3_L,0.0135674965025561,0.0100331644807571,0.0191501296874875
NMy2s,HN_4,0.0773822018813576,0.0625568801822084,0.0464317446208737
NMy2s,HN_6,0.1985132964555966,0.0532627725716883,0.0714139304238607
NMy2s,HN_7,0.2467113936668146,0.1555272216149752,0.1274904058424661
NMy2s,HP_1_H,0.0837563345406148,0.0501204793257246,0.0445522416038554
NMy2s,HP_1_L,0.0861107265363493,0.0249376826897676,0.0586955647107368
NMy2s,HP_2,0.4781198020764891,0.0329284960312315,0.1196405552715405
NMy2s,HP_3_H,0.0494353924941037,0.0153320088302282,0.0672230534942858
NMy2s,HP_4,0.1949152254903279,0.0713883647710588,0.0932916744765064
NMy2s,HP_5,0.1261044515328305,0.0338019646180389,0.0331579846679249
NMy2s,HP_6,0.0721236002888308,0.0176812261619075,0.0510540502012722
NMy2s,HP_7_L,0.1162057051700233,0.0296131527581146,0.0688389425289809
NMy2s,HP_7_H,0.0717611216952219,0.0410292147240322,0.0722341918664576
NMy2s,LN_1,0.0494937739209039,0.027837643879393,0.021454870980296
NMy2s,LN_2,0.0632883402197209,0.0561956584327915,0.029784713272177
NMy2s,LN_3,0.3039640998814918,0.0081407000842415,0.1707917900002436
NMy2s,LN_4,0.1270749891593289,0.0603699165490986,0.0469852263120562
NMy2s,LN_7_P,0.0342738790595854,0.0204654519423666,0.0213266244555589
NMy2s,LP_1,0.1358752581240074,0.0154226885602731,0.0691908015442679
NMy2s,LP_2,0.0839275612214018,0.0383221588854142,0.0802556424504882
NMy2s,LP_3,0.1501514690768339,0.0642483253596307,0.1143379841207004
NMy2s,LP_4,0.3749188524762283,0.0943509886759849,0.1213268423597487
NMy2s,LP_5,0.3551631313109437,0.1268653029700533,0.1107489821922195
NMy2s,LP_6,0.4447481486355079,0.0356398701096083,0.0865234077665794
NMy2s,LP_7,0.2587528126090509,0.0587681666130278,0.0629356336977804
O1pGR,HN_1,0.1106908170731299,0.0507748949553964,0.1478082202101698
O1pGR,HN_3_L,0.0591518389189069,0.0306305384579149,0.0260661501686963
O1pGR,HN_6,0.1900139485475833,0.1520693322413348,0.2000303667458926
O1pGR,HP_1_H,0.0464909059978894,0.0322859954588647,0.0294681756039701
O1pGR,HP_2,0.3520451704334602,0.2238376576686658,0.1754807113281682
O1pGR,HP_3_L,0.1665202614137279,0.0916199673490169,0.0603844451764951
O1pGR,HP_3_H,0.0906155042381898,0.0197595740804554,0.0676335931018924
O1pGR,HP_4,0.4856962828741193,0.0660190395178125,0.1513283716702026
O1pGR,HP_5,0.101926654386002,0.0306646107898349,0.0310355939010059
O1pGR,HP_6,0.0813748995058448,0.0424413115221981,0.0464497678564318
O1pGR,HP_7_L,0.094903152594241,0.0741608364466836,0.0779363677644666
O1pGR,HP_7_H,0.0882195724730914,0.0745837658429681,0.0697076934120041
O1pGR,LN_3,0.2740560279036472,0.1034592482938101,0.1449661105300659
O1pGR,LN_6,0.0725999095419161,0.0462301830026114,0.0200016455519063
O1pGR,LP_1,0.1141760610546582,0.0375026787401289,0.0674517017082381
O1pGR,LP_2,0.0950110163425437,0.0447747985656737,0.0762082031879316
O1pGR,LP_3,0.1962449231516609,0.0281087993668497,0.1039538553422508
O1pGR,LP_4,0.3056368597751228,0.0823147675683321,0.09017479088804
O1pGR,LP_6,0.0981560666498354,0.0927081421154208,0.0476626752423594
O1pGR,LP_7,0.2712651422058087,0.0772626757970792,0.0922721598863113
PPjCX,HN_2_L,0.0497642606863467,0.0348358772039807,0.0109908964426004
PPjCX,HN_3_L,0.0432858090525147,0.0233420877343937,0.0215329395002157
PPjCX,HN_4,0.1172375200009671,0.068751489927786,0.1124286646339796
PPjCX,HN_5,0.1323648476231836,0.0836904815079712,0.0983731009045776
PPjCX,HN_7,0.1524005334026815,0.0713855586170308,0.0878877123649957
PPjCX,LN_1,0.0127379794645458,0.0040801199751779,0.0284301104359456
PPjCX,LN_2,0.0534331061795928,0.0472579870274941,0.1135656864060989
PPjCX,LN_5,0.0581319997923578,0.0158819337085102,0.0216584938899459
PPjCX,LN_6,0.1070495691509337,0.0754113576493286,0.0818598279902284
PPjCX,LN_7_P,0.0750167312464587,0.0048812013097841,0.069287680116307
PPjCX,LN_7_N,0.0886011754497522,0.0502991746100434,0.1121739987541853
PPjCX,LP_6,0.0700089093304509,0.0309718565639871,0.0850868128593771
PPjCX,LP_7,0.0400252891905808,0.0346851190071413,0.0595336760959458
Pi9803,HN_2_L,0.0299014155322493,0.0180408801540533,0.0514464036551842
Pi9803,HN_2_H,0.0805224625026044,0.0297364861783884,0.0590490248718535
Pi9803,HN_3_L,0.0710938115673245,0.0146110679672331,0.0407431499469317
Pi9803,HN_3_H,0.0270800308985029,0.0196703256186881,0.0254158780403566
Pi9803,HN_5,0.277124216302437,0.0723584714458016,0.0651325881894287
Pi9803,HP_1_H,0.0503322439106716,0.0334974946447102,0.0588585879859181
Pi9803,HP_3_L,0.0624703489551563,0.0218399163253229,0.0608296074146506
Pi9803,HP_5,0.0398343086196859,0.0038732875390333,0.0514041173786678
Pi9803,HP_6,0.0577593188892146,0.0278928031602735,0.060409721376613
Pi9803,HP_7_L,0.0779690881313548,0.0638960288389186,0.0485404006977203
Pi9803,HP_7_H,0.0596358226277319,0.0535784935074338,0.0531658261907268
Pi9803,LN_2,0.0109128232126572,0.0080988606852971,0.0553941778230108
Pi9803,LN_3,0.1011710885141855,0.0500184567999947,0.0575411186988399
Pi9803,LN_6,0.0721690407764825,0.0362998384300957,0.0640246575865208
Pi9803,LN_7_P,0.0216817085151612,0.0103239728147819,0.0189330484596994
Pi9803,LN_7_N,0.0854542279272227,0.056464065033637,0.0917236297427899
Pi9803,LP_1,0.0555480209387742,0.0347622021260207,0.0466578476314863
Pi9803,LP_3,0.0481995057183843,0.0350332995640068,0.0243048211911121
Pi9803,LP_6,0.0705263453265221,0.0014176036442883,0.0888389519968848
Pi9803,LP_7,0.0526872434122904,0.0064850224009339,0.0357760850416073
SI3pa2,HN_2_L,0.0219839460316577,0.0003407636375219,0.0186992200078218
SI3pa2,HN_2_H,0.0840966061045242,0.0565582101228973,0.0570594110818417
SI3pa2,HN_3_L,0.0263898822077043,0.0212465961046307,0.0164021326228233
SI3pa2,HN_3_H,0.1553447485448319,0.0797742491395039,0.058049800213899
SI3pa2,HN_4,0.2218558290830489,0.0651501494966066,0.04545644461658
SI3pa2,HN_5,0.1132627389277738,0.0858332138415583,0.0720507037095415
SI3pa2,HN_6,0.535152837759194,0.0673021340775031,0.1534608018000627
SI3pa2,HN_7,0.2029516906349657,0.0827645996659196,0.0753008270667577
SI3pa2,HP_1_H,0.2409521341941065,0.0417636481198717,0.0249833204102307
SI3pa2,HP_1_L,0.0620025845562627,0.0595629725064111,0.0548949442901162
SI3pa2,HP_2,0.1016392378108867,0.0276876839055758,0.0630674756996395
SI3pa2,HP_3_L,0.0908744634585717,0.0403559712512994,0.0190770158786842
SI3pa2,HP_3_H,0.0330028607972201,0.0242716639593555,0.0444311866320217
SI3pa2,HP_4,0.0852048869026375,0.0302631034834872,0.0407735336149625
SI3pa2,HP_6,0.0119287215163679,0.0024993049503066,0.0142495118715977
SI3pa2,HP_7_L,0.1110026627555652,0.0544223462220064,0.0461594628259778
SI3pa2,HP_7_H,0.0385608088061284,0.0152716043419032,0.0365934663572921
SI3pa2,LN_1,0.174989500860344,0.0141229962071172,0.0668034610845311
SI3pa2,LN_2,0.1664513148237354,0.0846912519706316,0.0738898156342468
SI3pa2,LN_3,0.2869491767555968,0.0308038477043098,0.0827466136127511
SI3pa2,LN_7_P,0.1299494236359728,0.0094746271879494,0.0463745907601052
SI3pa2,LP_1,0.0659144777993698,0.021211287093186,0.0428577371981178
SI3pa2,LP_2,0.0528845703159503,0.0418467533476655,0.0512774546125102
SI3pa2,LP_3,0.2019481987992646,0.0094989438868703,0.057963803151033
SI3pa2,LP_4,0.0812816319170341,0.0634186390946996,0.0700068066684964
SI3pa2,LP_6,0.0541222491216433,0.0009982331780941,0.0212093276276383
SI3pa2,LP_7,0.4713154622665131,0.0692195072497004,0.1576656548902107
V9D5x,HN_1,0.3047058886447027,0.2650607598194885,0.3338104898478408
V9D5x,HN_2_L,0.0331236188684713,0.0175547428118491,0.0135079496682914
V9D5x,HN_4,0.2750546374381374,0.1450265000159295,0.1420531598986071
V9D5x,HN_6,0.1669703653819749,0.1615192796781316,0.1794428079957152
V9D5x,HP_1_H,0.1000565744203397,0.064374260769574,0.028105919423649
V9D5x,HP_3_L,0.0615510207944765,0.0301506292748836,0.0241157298672194
V9D5x,HP_4,0.129173164876164,0.0058378415725968,0.039894123925563
V9D5x,HP_5,0.0828444481245384,0.0283935591890484,0.0165730827644436
V9D5x,HP_7_H,0.0881795304246526,0.0740674435899664,0.0609614103567797
V9D5x,LN_3,0.3287151418392368,0.2268187296795366,0.2720274945645144
V9D5x,LN_7_P,0.123869659612945,0.1078857240959644,0.1283174290259038
V9D5x,LP_3,0.0996312873890771,0.0823246600222337,0.1007490699249504
V9D5x,LP_4,0.1908955832445801,0.0377209672923726,0.0746523585322795
WQzBV,HN_1,0.3452410005124682,0.0526493138839766,0.0999710888317391
WQzBV,HN_2_H,0.2225739772145466,0.0554713327684821,0.0433676765753233
WQzBV,HN_4,0.1602131461705182,0.0336082965268563,0.0186414041767973
WQzBV,HN_5,0.1314406542379249,0.0541505385314369,0.0296964624304471
WQzBV,HN_6,0.2284837642005427,0.0837661840598841,0.0228749922643382
WQzBV,HN_7,0.1235868493139657,0.07755518187328,0.0637806652261797
WQzBV,HP_1_H,0.0352227600870964,0.0129568432734628,0.0146500782621975
WQzBV,HP_1_L,0.0073796558361534,0.0032872950767369,0.0109450469290628
WQzBV,HP_3_L,0.0953902768860545,0.0107842370966051,0.0087049262132826
WQzBV,HP_4,0.2156349373399707,0.209301755460105,0.1197679202611598
WQzBV,HP_6,0.0143488557995359,0.0131979273131872,0.0110884856068301
WQzBV,HP_7_L,0.0435592607523665,0.0107812815690657,0.0208004503799149
WQzBV,HP_7_H,0.0289626784243919,0.0234816425859826,0.0131168237381409
WQzBV,LN_1,0.0775897024616979,0.0506514050208394,0.0479281143971976
WQzBV,LN_2,0.0536245566949901,0.0455885567792931,0.0401876537258443
WQzBV,LN_3,0.2266118160622812,0.0333532594683874,0.0479249628580636
WQzBV,LN_7_P,0.105839647550181,0.0344903742733143,0.0549535781226021
WQzBV,LN_7_N,0.0269389885394445,0.0052856293090136,0.029880377372502
WQzBV,LP_2,0.1153560202978723,0.0180686023597705,0.0236769216320253
WQzBV,LP_3,0.0947234568147343,0.0252714563622592,0.0513566227056708
WQzBV,LP_4,0.1822048779639146,0.0231586166398473,0.0206102713765768
WQzBV,LP_5,0.1219161828785009,0.01692150492912,0.0632381153644477
WQzBV,LP_7,0.0466022729320208,0.0418285731340362,0.0127272596634212
WYuvqk,HN_2_H,0.1668700686789268,0.112132339832901,0.1537281992843659
WYuvqk,HN_3_L,0.0331130539116431,0.0138026233540824,0.0131147240866836
WYuvqk,HN_3_H,0.1239275184762064,0.1000967931492282,0.1317803852945129
WYuvqk,HN_7,0.1647851123335852,0.156021681567776,0.1690384366720709
WYuvqk,HP_5,0.1162539796757909,0.1069412731492928,0.1217427965689331
WYuvqk,HP_6,0.1266393526713626,0.1100984966276317,0.1150024032371213
WYuvqk,HP_7_L,0.1686372536429969,0.1509854142839126,0.1179959708040801
WYuvqk,LN_1,0.1345660753981986,0.0142842584408064,0.039676985388617
WYuvqk,LN_2,0.1284712598664452,0.083143166684423,0.1452106801865329
WYuvqk,LN_5,0.0323225079431326,0.0001631125138534,0.0233817945646754
WYuvqk,LN_7_N,0.1137642650365895,0.0974415642740547,0.1598669804268188
WYuvqk,LP_6,0.1310249520970358,0.0784703202102845,0.1080368586975911
XPI3pA,HN_1,0.2164954694102285,0.0756877081964521,0.1277877121134653
XPI3pA,HN_4,0.3067470682575787,0.0511308346774869,0.0401444580250462
XPI3pA,HN_5,0.3826904942133121,0.1070260663488376,0.095857387579032
XPI3pA,HN_6,0.1969521325196533,0.0966731077957046,0.1254608298367856
XPI3pA,HN_7,0.1501110925321248,0.0810714145840512,0.1123221164334162
XPI3pA,HP_1_H,0.0819947432024151,0.0511699171984749,0.033858161702975
XPI3pA,HP_1_L,0.1041221723012246,0.0395906865430737,0.0583072227715412
XPI3pA,HP_2,0.1374206108640418,0.1309899650144874,0.1176175893498784
XPI3pA,HP_3_L,0.3837309362186514,0.0511899202431606,0.0931961861496204
XPI3pA,HP_4,0.0621782862554416,0.0267603055419349,0.0562922943220368
XPI3pA,HP_7_L,0.0665150822412761,0.0480047937482258,0.0781142838354238
XPI3pA,HP_7_H,0.1113014902418222,0.0619429569065937,0.0741613247571845
XPI3pA,LN_3,0.2049317121392272,0.1225524954871185,0.142219075329233
XPI3pA,LN_6,0.0358564916185088,0.0193897859975525,0.0327893670297148
XPI3pA,LP_3,0.2324139166112395,0.1344982561054518,0.1268354987193687
XPI3pA,LP_4,0.1371694909510228,0.0970107513450464,0.094355739944417
XPI3pA,LP_5,0.0957750664256587,0.0623399720087015,0.0889123403639763
Xd3foP9,HN_2_H,0.0546141436827914,0.0536268051160767,0.0213809909906369
Xd3foP9,HN_4,0.3325467105152542,0.0393152051887444,0.0526522769000646
Xd3foP9,HN_5,0.0932566954795815,0.0132214485706531,0.0111330967264492
Xd3foP9,HN_6,0.2475939341320911,0.0573704582015159,0.0479560886375562
Xd3foP9,HN_7,0.123684732623482,0.0043224544663226,0.0158505242718025
Xd3foP9,HP_1_H,0.0542176713063685,0.0531094715165021,0.0526824959554725
Xd3foP9,HP_3_L,0.374459694056221,0.1179062954959401,0.1418160648702592
Xd3foP9,HP_5,0.0661171684296008,0.011120930491363,0.0352944142547982
Xd3foP9,HP_6,0.0282095210206545,0.0280863449890893,0.0178881315179482
Xd3foP9,LN_2,0.0291637348266259,0.0052844461204882,0.0304222493846803
Xd3foP9,LN_3,0.2020396253273635,0.0949675515122473,0.0336357775336676
Xd3foP9,LN_7_P,0.0380652060584592,0.0301293284018422,0.0147649117745819
Xd3foP9,LP_2,0.0473423420421983,0.0294200344089247,0.0112248525002827
Xd3foP9,LP_4,0.2877236027175578,0.0463820419689935,0.0230447027722286
Xd3foP9,LP_6,0.1579700121736656,0.0007801723906019,0.0286973129764827
XhsN0o,HN_1,0.1375198057686355,0.129150875392032,0.2409078557647234
XhsN0o,HN_2_H,0.1704315354228572,0.1685953788305771,0.1382608061042406
XhsN0o,HN_4,0.2008838070816454,0.1213084512122658,0.0899023040300758
XhsN0o,HN_5,0.2987174327353259,0.2024775145549915,0.1582240529009305
XhsN0o,HN_6,0.2863555425291273,0.1636795851346931,0.1911579291112569
XhsN0o,HN_7,0.2558444982005576,0.2239210753160695,0.1766451433027592
XhsN0o,HP_2,0.1827711883559638,0.0762550259045158,0.1363548759628442
XhsN0o,HP_3_L,0.2688372353535544,0.0640622081541843,0.0834345403334394
XhsN0o,HP_3_H,0.1767913406052742,0.0872771791287604,0.1210088520978485
XhsN0o,HP_4,0.172172670930234,0.0608249481717602,0.0934240491737661
XhsN0o,HP_7_H,0.1000060358952231,0.0939247714201963,0.1093782409259794
XhsN0o,LN_3,0.4459041632026836,0.2728956203414515,0.2846672191667126
XhsN0o,LN_5,0.0747994467594906,0.0246750583949368,0.0248620232536582
XhsN0o,LN_7_P,0.0493959654534886,0.0140754236504511,0.0161460738517153
XhsN0o,LP_1,0.1198294583593912,0.085379206925625,0.1168582635227156
XhsN0o,LP_4,0.2710992626660043,0.0911027099505994,0.1274722555611008
XhsN0o,LP_5,0.1084619148025596,0.0800459818205455,0.134039241145468
gf5X,HN_1,0.2093746828064294,0.1462786103257221,0.0743652917800226
gf5X,HN_2_L,0.035323304744514,0.0061151148731762,0.0318058450772049
gf5X,HN_3_L,0.0706089268145792,0.0567567154723915,0.1153380460906551
gf5X,HN_3_H,0.0565158937370308,0.0025077411311017,0.036165057963016
gf5X,HN_4,0.0380765889633219,0.0151292284173319,0.0646933188005684
gf5X,HN_5,0.0868134255961395,0.062004266017143,0.0527453256620489
gf5X,HN_6,0.1208531362418862,0.0441021042501088,0.0866541452377406
gf5X,HN_7,0.0473377367559427,0.0038866567893469,0.029606710520992
gf5X,LN_2,0.0297706838195312,0.0149041923526626,0.0757753289309841
gf5X,LN_4,0.020998023343636,0.0196720047780082,0.0836725749216854
gf5X,LN_5,0.0675207552034369,0.0019840621695589,0.0273196002403441
gf5X,LN_6,0.0830993650089219,0.0172183391829152,0.0911400393671702
gf5X,LN_7_P,0.1208683355584512,0.0057798227192092,0.038517963835079
gf5X,LN_7_N,0.0349955672927556,0.0192601666397178,0.0928111787227549
gf5X,LP_3,0.0558652490016823,0.055566680040063,0.0257633913509073
gf5X,LP_4,0.2137363645211272,0.0607676402725579,0.0394813886049494
gf5X,LP_5,0.0631067608648451,0.0490012006631976,0.0259707968146145
gf5X,LP_6,0.0655578757573529,0.0136988913940795,0.0635962197308339
gf5X,LP_7,0.037220500343044,0.02243083639946,0.042695410439397
gjGzb,HN_1,0.0686686390503501,0.0393635798325866,0.0712349840902894
gjGzb,HN_2_L,0.0649143394234854,0.0180116292171607,0.0206542477838188
gjGzb,HN_2_H,0.4804940449074097,0.084794600947897,0.1267074345893562
gjGzb,HN_4,0.0779078443147802,0.0675228128792456,0.0289877188374168
gjGzb,HN_5,0.1096755505452858,0.0617566988293773,0.043485718975035
gjGzb,HN_6,0.3263536606838468,0.0292967339596465,0.0426617219307279
gjGzb,HN_7,0.1566864196731293,0.0633082193574239,0.0651351880851455
gjGzb,HP_1_L,0.0909462196832514,0.0341743697260509,0.0227525725188
gjGzb,HP_2,0.0078345877371345,0.0046744730256436,0.0546863536165268
gjGzb,HP_3_L,0.1357501990851965,0.0115413851900418,0.0086495079718496
gjGzb,HP_3_H,0.0649930995906925,0.0435610113032927,0.0452897509058574
gjGzb,HP_4,0.1822566585635995,0.0330701915759717,0.0487461083269849
gjGzb,HP_7_L,0.0504630133241236,0.0232856801747716,0.037013499876418
gjGzb,LN_1,0.097085192456748,0.0021474914520863,0.0385096820342463
gjGzb,LN_2,0.0440673737127509,0.0430258778906893,0.0194304808174962
gjGzb,LN_3,0.0697869512578036,0.0283969876501974,0.077087383456746
gjGzb,LN_6,0.0636954006923,0.0228086335293024,0.0165645262116271
gjGzb,LN_7_P,0.1363291108652254,0.0084122162898657,0.0476990923144619
gjGzb,LP_2,0.2004487550870829,0.0552612349465694,0.0516409968787639
gjGzb,LP_3,0.1138800315128034,0.0228094926508821,0.0651146235809342
gjGzb,LP_4,0.1102200923489659,0.0062961664589057,0.0483185001013942
gjGzb,LP_5,0.0515805033995182,0.0211370902691121,0.0426015745658433
gjGzb,LP_6,0.0856727892388278,0.0004061845110241,0.0118415587050813
h2yD5h,HN_1,0.0362076994763171,0.0187406054215711,0.0703840642568867
h2yD5h,HN_2_H,0.1003110819034349,0.0781505051593882,0.0519432681572017
h2yD5h,HN_4,0.1273715346925031,0.0920896825254179,0.0552077101422883
h2yD5h,HN_6,0.4464730334963144,0.0537681505484224,0.058981428468224
h2yD5h,HN_7,0.12336308512457,0.0740126417941075,0.0644395162892588
h2yD5h,HP_1_H,0.0380065981972784,0.0048936366644989,0.0131932787663938
h2yD5h,HP_1_L,0.0478678154641571,0.0379181551126503,0.0305259488342722
h2yD5h,HP_2,0.0735279356296774,0.0049566225514107,0.0564742648718319
h2yD5h,HP_3_L,0.1128168657767452,0.0414687752962486,0.0142307932064639
h2yD5h,HP_4,0.0445592479968832,0.0020890777798422,0.0211806036543219
h2yD5h,HP_6,0.0786724352536363,0.0231746840966275,0.0249136991995838
h2yD5h,HP_7_L,0.0737932915521537,0.0412907717784404,0.0422064036146889
h2yD5h,HP_7_H,0.0841745772578645,0.0060913572755824,0.0354538427140835
h2yD5h,LN_2,0.0865818838842472,0.0553633868703524,0.0183530234270135
h2yD5h,LN_3,0.1810119412975246,0.0222560654105695,0.0897834983284169
h2yD5h,LN_4,0.0725679075921527,0.0404124809771169,0.0238153339157258
h2yD5h,LN_5,0.0799057223786542,0.0504555084472698,0.0365070169371703
h2yD5h,LN_7_P,0.0186369231281484,0.0039601657604849,0.0174825331201078
h2yD5h,LP_1,0.0217901626156013,0.0211595522366379,0.0238861683639938
h2yD5h,LP_2,0.0745944257457923,0.0121992628775688,0.0402343707534355
h2yD5h,LP_3,0.1063876563352386,0.0219645914025407,0.0646584233015248
h2yD5h,LP_4,0.086721554378901,0.0127802996810908,0.0335036377092708
h2yD5h,LP_5,0.0351456031150673,0.0284847063044317,0.0579018038532499
h2yD5h,LP_7,0.1017995731238158,0.0368378568595249,0.0220469756270286
hMHEK1,HN_1,0.1029513001886242,0.0285782493805797,0.0294740766421089
hMHEK1,HN_2_L,0.0314827589739912,0.0134769717801852,0.0199287040243977
hMHEK1,HN_2_H,0.0516594684785339,0.0177160591150418,0.0104081217368749
hMHEK1,HN_3_L,0.0409518537401757,0.0105471731803619,0.0097191771272191
hMHEK1,HN_4,0.0409416644419666,0.0379706214239574,0.0295935622016093
hMHEK1,HN_6,0.1208836894611964,0.0580049320936379,0.0521600465940211
hMHEK1,HN_7,0.0676387352993028,0.0230626587646546,0.009317457797439
hMHEK1,HP_1_H,0.068243848560452,0.0099774142725219,0.0425723716700817
hMHEK1,HP_1_L,0.065201962419294,0.0024118319619533,0.018787151038181
hMHEK1,HP_3_L,0.0176997576215496,0.0120679143590174,0.0348837102575027
hMHEK1,HP_4,0.1494613282601083,0.0146276044742891,0.0248134661872284
hMHEK1,HP_7_L,0.0423945976026518,0.0208336754960232,0.0105341400386974
hMHEK1,HP_7_H,0.0334814327087166,0.0101089205443899,0.0138151190823901
hMHEK1,LN_1,0.0801530667354511,0.0192410095496637,0.0264046315333811
hMHEK1,LN_2,0.0517829583653364,0.0081747624562695,0.0372954403076264
hMHEK1,LN_4,0.0676410120783878,0.0206227808438164,0.0637406185315073
hMHEK1,LN_5,0.0640902641987378,0.0158100265885401,0.0385382217798539
hMHEK1,LN_6,0.044272284362878,0.0157472188364912,0.0313990154214637
hMHEK1,LN_7_P,0.0137152123580038,0.0029451074317636,0.0136189790014386
hMHEK1,LP_2,0.0547235766439432,0.0049122794240106,0.0064231356261786
hMHEK1,LP_4,0.196911212692409,0.0011262886098783,0.0169448123938028
hMHEK1,LP_6,0.0708080936083387,0.0092436075575986,0.0288646454363479
hMHEK1,LP_7,0.1004900771707232,0.0247310926210345,0.0131383399441009
kH4Dd,HN_3_L,0.0535165247028515,0.0063034370253503,0.0352886300171887
kH4Dd,HN_5,0.1962254218848001,0.0487032833453042,0.0416077898914008
kH4Dd,HN_6,0.1413596639233151,0.0522179018617635,0.0684408033778365
kH4Dd,HP_1_H,0.0504695329917679,0.0141859322634934,0.0436610958672906
kH4Dd,HP_2,0.4190425443483248,0.0557399771487741,0.052684462872871
kH4Dd,HP_3_L,0.3480452428798217,0.0160454888620512,0.0323060491887912
kH4Dd,HP_4,0.3834778536811681,0.0273395727236781,0.1037349859536478
kH4Dd,HP_5,0.3130737340767033,0.0390711355826592,0.0306535017988269
kH4Dd,HP_6,0.0999269080018102,0.0101583654378318,0.0218162881867633
kH4Dd,LN_1,0.1466291723099319,0.0035278058023451,0.0496812211011252
kH4Dd,LN_2,0.1577893321334916,0.0202171848841187,0.0790214781368155
kH4Dd,LN_3,0.1348981242422325,0.0876020296880256,0.0501136093545388
kH4Dd,LN_5,0.0087666973205531,0.0019920166822901,0.0243504618763074
kH4Dd,LN_7_P,0.0905355014833069,0.0098349951545317,0.0294136763672647
kH4Dd,LN_7_N,0.0869974641658629,0.0322899127609634,0.0620038200312355
kH4Dd,LP_3,0.0947063348180071,0.0674847401488762,0.0157000596278019
kH4Dd,LP_4,0.2526584823469308,0.0404452358895152,0.0476436613453963
kH4Dd,LP_5,0.0354309119817605,0.0081289651618887,0.0237050153922619
kH4Dd,LP_6,0.1227898775534365,0.0254449991497598,0.0486963531959122
kH4Dd,LP_7,0.0683663468290123,0.0236157320744149,0.0293877906849411
sop2d,HN_1,0.1654232948214127,0.0352004990826771,0.0395751149058522
sop2d,HN_2_L,0.0152118812691119,0.0121369935961827,0.0172800915269316
sop2d,HN_2_H,0.0321894720288142,0.018283654550497,0.0230656374602615
sop2d,HN_3_L,0.009061873628819,0.0067531530723115,0.0549566617270707
sop2d,HN_4,0.0470774198334572,0.016435850243607,0.0173508046476036
sop2d,HN_5,0.2717962971267922,0.0769776171040618,0.0409190837081067
sop2d,HN_6,0.216677952574491,0.0066142364061152,0.0381865077260305
sop2d,HN_7,0.0722892735845033,0.0058436801427894,0.0489080813720748
sop2d,HP_1_H,0.0574632877185528,0.0388163210746616,0.0251081148891093
sop2d,HP_2,0.0150790211478208,0.0116813823465489,0.0519982032609357
sop2d,HP_3_L,0.0108571125372968,0.0077920947309457,0.0183042035712939
sop2d,HP_3_H,0.0130544174401998,0.0116116445456426,0.0232858546149329
sop2d,HP_4,0.4129607072621338,0.0210876596356796,0.0180702428601095
sop2d,HP_7_L,0.0624914764926394,0.0350165950401679,0.0097339304303343
sop2d,LN_1,0.0136757039815947,0.013359180352009,0.0240796070979389
sop2d,LN_3,0.1475585439334488,0.0026236209222342,0.0506457865114365
sop2d,LN_4,0.0064882931388626,0.004988857949586,0.0660091070574927
sop2d,LN_6,0.0762820193479592,0.0118475413313433,0.0586213428249517
sop2d,LP_1,0.0440362610870895,0.0052726050853742,0.0207254991031527
sop2d,LP_3,0.2537200135758809,0.0969967602121008,0.0936190704383088
sop2d,LP_4,0.0874403708949661,0.0009084698809988,0.0322668353741649
sop2d,LP_6,0.0278104604325321,0.0247203497504574,0.0203189280088764
sop2d,LP_7,0.0209809440267541,0.0106760076786353,0.0148007867733262
tMGNS,HN_2_L,0.032229313406733,0.0132922687350979,0.0332627488255114
tMGNS,HN_4,0.1103223309515128,0.0712976532597292,0.1209021315641646
tMGNS,HN_5,0.12247533109237,0.0965568533865324,0.1166990934609593
tMGNS,HP_1_L,0.1262672447395244,0.1096534436452745,0.1083416691981852
tMGNS,HP_3_L,0.0962088890980894,0.0387515369705343,0.0919147190163635
tMGNS,HP_7_H,0.1311453186529769,0.1143344473074001,0.1024383708879948
tMGNS,LN_1,0.0487263250561232,0.0034017944818267,0.0239179141053792
tMGNS,LN_2,0.0998535300775327,0.0866672577544271,0.1322385951869616
tMGNS,LN_4,0.0674678868533834,0.0661968246504207,0.0936768861444479
tMGNS,LN_5,0.087024322508812,0.0186095374602082,0.0316427736120645
tMGNS,LN_6,0.0882194315129595,0.0313465891932316,0.0614875711877171
tMGNS,LN_7_N,0.0926954123406413,0.0805531234718633,0.1215754611820744
tMGNS,LP_2,0.1381371744950185,0.1012120560709695,0.0971991085058565
tMGNS,LP_3,0.3329581098180831,0.166173603558757,0.0924287291319084
tMGNS,LP_7,0.1083028846171126,0.071421289684994,0.0933362871391061
urJvc,HN_1,0.2101730824695054,0.0831901321070492,0.0681261494259808
urJvc,HN_2_H,0.0653952951964195,0.014608759275975,0.0333062138043559
urJvc,HN_3_L,0.053893277902752,0.0048583798451338,0.0214064421727916
urJvc,HN_5,0.2211903655961833,0.0983475729866056,0.0515002788529334
urJvc,HP_2,0.0538397264187193,0.0153728960444818,0.0140283187806023
urJvc,HP_6,0.0494867673851842,0.0174983011037725,0.0500667035770964
urJvc,HP_7_L,0.0774774817742274,0.0504337753951023,0.0391441240273786
urJvc,LN_1,0.0482635591742168,0.0071454669746621,0.0300954681493883
urJvc,LN_6,0.1042283004207239,0.0689810831433153,0.1195910532275655
urJvc,LN_7_N,0.0342054284585338,0.0242880042215595,0.0354488365587609
urJvc,LP_1,0.0302437943465963,0.0295845131347959,0.0349060232146089
urJvc,LP_4,0.1673591316925982,0.0555194092426652,0.0555001185123348
urJvc,LP_7,0.1824025055347567,0.0242815389358743,0.0187348006567455
wohkw,HN_1,0.2069976151091606,0.0117743319087654,0.0179769687645941
wohkw,HN_2_L,0.0045607319247003,0.0007673642474208,0.0201628251824416
wohkw,HN_2_H,0.0758766143199347,0.0474275599900384,0.0416299080797936
wohkw,HN_4,0.0701594313338505,0.0160856192105092,0.0361478948218199
wohkw,HN_6,0.1750795835276692,0.0275652155337322,0.0271093900610929
wohkw,HN_7,0.1303677586114167,0.0216367480577627,0.0266058257763933
wohkw,HP_1_L,0.0325422398695997,0.0083993595963433,0.0099540355988597
wohkw,HP_2,0.0435458351093999,0.0428819611809935,0.0120742733953313
wohkw,HP_3_H,0.0428296657272153,0.0078571688860896,0.0089643838871726
wohkw,HP_4,0.0435514973868578,0.0024277986174476,0.0113562061747336
wohkw,HP_5,0.0286609063130505,0.0277386249418214,0.009440120283606
wohkw,HP_6,0.1056217857413706,0.0710481312828843,0.0241783576249521
wohkw,HP_7_L,0.0070260587573158,0.004875292843747,0.005028567236556
wohkw,LN_1,0.0238575500346312,0.0134141211961322,0.0367064430680724
wohkw,LN_2,0.0614522054483861,0.0360290630327311,0.023172677797581
wohkw,LN_4,0.020435194022292,0.0065397875295321,0.04686085680164
wohkw,LN_6,0.1450394606640613,0.0167284328453811,0.0694949738385618
wohkw,LN_7_P,0.0171915717293235,0.0148980068621525,0.0280981152594228
wohkw,LN_7_N,0.0033304053700762,0.0019541656587728,0.0508841713626647
wohkw,LP_2,0.025718080712155,0.0151045717768603,0.0074699299487844
wohkw,LP_3,0.1343424707503156,0.1327047686239965,0.0648127867163556
wohkw,LP_4,0.2356840138919254,0.0443140727306065,0.0205232276057991
yb3T2,HN_1,0.371325633028991,0.1091106323773391,0.1338032103686483
yb3T2,HN_2_H,0.0746116732282317,0.0385375677399676,0.039024598828228
yb3T2,HN_3_L,0.07298473503662,0.0615218816907893,0.0455096415938468
yb3T2,HN_5,0.0681108384978403,0.0041106476775644,0.0390383057261944
yb3T2,HN_6,0.1566213545941479,0.1047108781465734,0.0611168749732191
yb3T2,HP_2,0.4694200447985159,0.2209565045500138,0.3330029933554707
yb3T2,HP_4,0.1522179843265308,0.0378525171191742,0.0118545264014965
yb3T2,HP_6,0.0877375901087552,0.0506520266617728,0.0410900820547621
yb3T2,HP_7_H,0.0483778706659951,0.035751662924814,0.0351096926367727
yb3T2,LN_1,0.1357278158045583,0.0369561494247786,0.0904256288273756
yb3T2,LN_2,0.015381950120082,0.0091796926371837,0.0390863414200221
yb3T2,LN_3,0.2311696044646144,0.0564043903937734,0.0719482212827574
yb3T2,LN_5,0.0056959149234694,0.0023006010731964,0.0139357826852971
yb3T2,LN_6,0.107725716476062,0.0297889384533617,0.1116402097700969
yb3T2,LN_7_N,0.0476742284204856,0.0131654577974092,0.0176361734752311
yb3T2,LP_1,0.0641755597792912,0.0368384848633557,0.0430544181690301
yb3T2,LP_2,0.2173674421230833,0.0483621736522803,0.0128689775242828
yb3T2,LP_3,0.186614842707854,0.0228302428134751,0.0550477561157745
yb3T2,LP_4,0.2955389548692519,0.0016032039564875,0.0256116403090588
yb3T2,LP_5,0.0651634810701315,0.0166693227792605,0.0459133045487926
yb3T2,LP_6,0.33608683844436,0.0606126165985214,0.188903987984966
yb3T2,LP_7,0.0955640803416336,0.0247093270364355,0.0208643416232127
