Participant,Stimulus_Name,Valence,Arousal
GFGzP,HN_1,-0.724905,0.084084
GFGzP,HN_2_H,-0.486443,0.187018
GFGzP,HN_2_L,-0.179291,-0.301031
GFGzP,HN_3_H,-0.478938,0.167929
GFGzP,HN_3_L,-0.106255,-0.29054
GFGzP,HN_4,-0.421426,0.198859
GFGzP,HN_5,-0.491104,0.126072
GFGzP,HN_6,-0.6352,0.036851
GFGzP,HN_7,-0.515041,-0.07442
GFGzP,HN_9,-0.518122,0.055461
GFGzP,HP_1_H,0.277567,0.266531
GFGzP,HP_1_L,0.350168,-0.088067
GFGzP,HP_2,0.429682,0.181794
GFGzP,HP_3_H,0.382479,0.252013
GFGzP,HP_3_L,0.273972,-0.175765
GFGzP,HP_4,0.347917,0.201928
GFGzP,HP_5,0.281517,0.224827
GFGzP,HP_6,0.336541,0.23275
GFGzP,HP_7_H,0.370353,0.244134
GFGzP,HP_7_L,0.379596,-0.093291
GFGzP,HP_9,0.398437,-0.084215
GFGzP,LN_1,-0.036498,-0.363588
GFGzP,LN_2,-0.34132,-0.269143
GFGzP,LN_3,-0.745959,0.046232
GFGzP,LN_4,-0.285467,-0.309782
GFGzP,LN_5,-0.098513,-0.300596
GFGzP,LN_6,-0.151443,-0.321318
GFGzP,LN_7_N,-0.381255,-0.300944
GFGzP,LN_7_P,0.08532,-0.241718
GFGzP,LN_9,-0.303992,-0.284467
GFGzP,LP_1,0.3824,0.221888
GFGzP,LP_2,0.386429,0.217012
GFGzP,LP_3,0.441334,0.013517
GFGzP,LP_4,0.3935,0.185016
GFGzP,LP_5,0.413921,0.207457
GFGzP,LP_6,0.25043,-0.270188
GFGzP,LP_7,0.300121,0.24261
GFGzP,LP_9,0.41953,0.17509
KWgkc,HN_1,-0.458453,0.077532
KWgkc,HN_2_H,-0.307642,0.172444
KWgkc,HN_2_L,-0.113389,-0.277572
KWgkc,HN_3_H,-0.302896,0.154842
KWgkc,HN_3_L,-0.067199,-0.267898
KWgkc,HN_4,-0.266524,0.183362
KWgkc,HN_5,-0.31059,0.116247
KWgkc,HN_6,-0.401721,0.033979
KWgkc,HN_7,-0.325729,-0.06862
KWgkc,HN_9,-0.327677,0.051139
KWgkc,HP_1_H,0.175542,0.245761
KWgkc,HP_1_L,0.221458,-0.081204
KWgkc,HP_2,0.271745,0.167627
KWgkc,HP_3_H,0.241892,0.232374
KWgkc,HP_3_L,0.173269,-0.162068
KWgkc,HP_4,0.220034,0.186192
KWgkc,HP_5,0.17804,0.207306
KWgkc,HP_6,0.212839,0.214612
KWgkc,HP_7_H,0.234223,0.225108
KWgkc,HP_7_L,0.240069,-0.086021
KWgkc,HP_9,0.251985,-0.077652
KWgkc,LN_1,-0.023083,-0.335254
KWgkc,LN_2,-0.215862,-0.248169
KWgkc,LN_3,-0.471768,0.042629
KWgkc,LN_4,-0.180539,-0.285641
KWgkc,LN_5,-0.062303,-0.277171
KWgkc,LN_6,-0.095778,-0.296278
KWgkc,LN_7_N,-0.241118,-0.277492
KWgkc,LN_7_P,0.053959,-0.222881
KWgkc,LN_9,-0.192255,-0.262299
KWgkc,LP_1,0.241842,0.204597
KWgkc,LP_2,0.24439,0.200101
KWgkc,LP_3,0.279114,0.012464
KWgkc,LP_4,0.248862,0.170598
KWgkc,LP_5,0.261777,0.19129
KWgkc,LP_6,0.15838,-0.249133
KWgkc,LP_7,0.189807,0.223704
KWgkc,LP_9,0.265324,0.161445
D9Hh9,HN_1,-0.656551,0.063098
D9Hh9,HN_2_H,-0.440574,0.14034
D9Hh9,HN_2_L,-0.162385,-0.225897
D9Hh9,HN_3_H,-0.433777,0.126015
D9Hh9,HN_3_L,-0.096236,-0.218024
D9Hh9,HN_4,-0.381688,0.149226
D9Hh9,HN_5,-0.444796,0.094605
D9Hh9,HN_6,-0.575305,0.027653
D9Hh9,HN_7,-0.466476,-0.055845
D9Hh9,HN_9,-0.469266,0.041619
D9Hh9,HP_1_H,0.251394,0.200007
D9Hh9,HP_1_L,0.317149,-0.066087
D9Hh9,HP_2,0.389165,0.13642
D9Hh9,HP_3_H,0.346413,0.189113
D9Hh9,HP_3_L,0.248138,-0.131896
D9Hh9,HP_4,0.31511,0.151529
D9Hh9,HP_5,0.254971,0.168712
D9Hh9,HP_6,0.304807,0.174657
D9Hh9,HP_7_H,0.33543,0.1832
D9Hh9,HP_7_L,0.343802,-0.070007
D9Hh9,HP_9,0.360867,-0.063196
D9Hh9,LN_1,-0.033056,-0.27284
D9Hh9,LN_2,-0.309135,-0.201968
D9Hh9,LN_3,-0.675619,0.034693
D9Hh9,LN_4,-0.258549,-0.232463
D9Hh9,LN_5,-0.089224,-0.22557
D9Hh9,LN_6,-0.137163,-0.24112
D9Hh9,LN_7_N,-0.345304,-0.225831
D9Hh9,LN_7_P,0.077275,-0.181387
D9Hh9,LN_9,-0.275328,-0.213467
D9Hh9,LP_1,0.346342,0.166507
D9Hh9,LP_2,0.349991,0.162848
D9Hh9,LP_3,0.399719,0.010143
D9Hh9,LP_4,0.356395,0.138837
D9Hh9,LP_5,0.374891,0.155678
D9Hh9,LP_6,0.226816,-0.202752
D9Hh9,LP_7,0.271822,0.182057
D9Hh9,LP_9,0.379971,0.131389
EXAMPLE,HN_1,-0.792715,0.072331
EXAMPLE,HN_2_H,-0.531947,0.160876
EXAMPLE,HN_2_L,-0.196062,-0.258953
EXAMPLE,HN_3_H,-0.52374,0.144455
EXAMPLE,HN_3_L,-0.116195,-0.249928
EXAMPLE,HN_4,-0.460848,0.171062
EXAMPLE,HN_5,-0.537044,0.108449
EXAMPLE,HN_6,-0.694619,0.0317
EXAMPLE,HN_7,-0.56322,-0.064017
EXAMPLE,HN_9,-0.566589,0.047709
EXAMPLE,HP_1_H,0.303532,0.229275
EXAMPLE,HP_1_L,0.382924,-0.075757
EXAMPLE,HP_2,0.469876,0.156383
EXAMPLE,HP_3_H,0.418258,0.216786
EXAMPLE,HP_3_L,0.299601,-0.151196
EXAMPLE,HP_4,0.380462,0.173702
EXAMPLE,HP_5,0.307851,0.1934
EXAMPLE,HP_6,0.368022,0.200215
EXAMPLE,HP_7_H,0.404997,0.210008
EXAMPLE,HP_7_L,0.415104,-0.080251
EXAMPLE,HP_9,0.435708,-0.072443
EXAMPLE,LN_1,-0.039912,-0.312765
EXAMPLE,LN_2,-0.373248,-0.231522
EXAMPLE,LN_3,-0.815738,0.03977
EXAMPLE,LN_4,-0.312171,-0.26648
EXAMPLE,LN_5,-0.107728,-0.258578
EXAMPLE,LN_6,-0.16561,-0.276403
EXAMPLE,LN_7_N,-0.416918,-0.258878
EXAMPLE,LN_7_P,0.093301,-0.20793
EXAMPLE,LN_9,-0.332429,-0.244704
EXAMPLE,LP_1,0.418171,0.190872
EXAMPLE,LP_2,0.422577,0.186678
EXAMPLE,LP_3,0.482618,0.011628
EXAMPLE,LP_4,0.430309,0.159154
EXAMPLE,LP_5,0.452641,0.178458
EXAMPLE,LP_6,0.273857,-0.232421
EXAMPLE,LP_7,0.328196,0.208697
EXAMPLE,LP_9,0.458774,0.150616
Pi9803,HN_1,-0.471841,0.064426
Pi9803,HN_2_H,-0.316626,0.143296
Pi9803,HN_2_L,-0.116701,-0.230654
Pi9803,HN_3_H,-0.311741,0.128669
Pi9803,HN_3_L,-0.069162,-0.222615
Pi9803,HN_4,-0.274307,0.152368
Pi9803,HN_5,-0.31966,0.096598
Pi9803,HN_6,-0.413453,0.028236
Pi9803,HN_7,-0.335241,-0.057021
Pi9803,HN_9,-0.337246,0.042495
Pi9803,HP_1_H,0.180669,0.20422
Pi9803,HP_1_L,0.227925,-0.067478
Pi9803,HP_2,0.27968,0.139293
Pi9803,HP_3_H,0.248956,0.193096
Pi9803,HP_3_L,0.178329,-0.134673
Pi9803,HP_4,0.226459,0.15472
Pi9803,HP_5,0.18324,0.172265
Pi9803,HP_6,0.219055,0.178336
Pi9803,HP_7_H,0.241063,0.187058
Pi9803,HP_7_L,0.247079,-0.071481
Pi9803,HP_9,0.259343,-0.064526
Pi9803,LN_1,-0.023757,-0.278586
Pi9803,LN_2,-0.222166,-0.206221
Pi9803,LN_3,-0.485545,0.035424
Pi9803,LN_4,-0.185811,-0.237358
Pi9803,LN_5,-0.064122,-0.23032
Pi9803,LN_6,-0.098575,-0.246198
Pi9803,LN_7_N,-0.248159,-0.230587
Pi9803,LN_7_P,0.055535,-0.185207
Pi9803,LN_9,-0.197869,-0.217962
Pi9803,LP_1,0.248905,0.170014
Pi9803,LP_2,0.251527,0.166278
Pi9803,LP_3,0.287265,0.010357
Pi9803,LP_4,0.256129,0.141761
Pi9803,LP_5,0.269422,0.158956
Pi9803,LP_6,0.163005,-0.207022
Pi9803,LP_7,0.195349,0.185891
Pi9803,LP_9,0.273073,0.134156
WQzBV,HN_1,-0.674619,0.060852
WQzBV,HN_2_H,-0.452699,0.135346
WQzBV,HN_2_L,-0.166853,-0.217858
WQzBV,HN_3_H,-0.445715,0.121531
WQzBV,HN_3_L,-0.098884,-0.210265
WQzBV,HN_4,-0.392192,0.143916
WQzBV,HN_5,-0.457037,0.091239
WQzBV,HN_6,-0.591137,0.026669
WQzBV,HN_7,-0.479313,-0.053858
WQzBV,HN_9,-0.48218,0.040138
WQzBV,HP_1_H,0.258312,0.19289
WQzBV,HP_1_L,0.325877,-0.063735
WQzBV,HP_2,0.399875,0.131566
WQzBV,HP_3_H,0.355947,0.182383
WQzBV,HP_3_L,0.254967,-0.127202
WQzBV,HP_4,0.323782,0.146137
WQzBV,HP_5,0.261988,0.162708
WQzBV,HP_6,0.313195,0.168442
WQzBV,HP_7_H,0.344661,0.176681
WQzBV,HP_7_L,0.353263,-0.067516
WQzBV,HP_9,0.370798,-0.060947
WQzBV,LN_1,-0.033966,-0.263131
WQzBV,LN_2,-0.317643,-0.194781
WQzBV,LN_3,-0.694212,0.033458
WQzBV,LN_4,-0.265664,-0.224191
WQzBV,LN_5,-0.091679,-0.217543
WQzBV,LN_6,-0.140938,-0.23254
WQzBV,LN_7_N,-0.354807,-0.217795
WQzBV,LN_7_P,0.079402,-0.174932
WQzBV,LN_9,-0.282905,-0.20587
WQzBV,LP_1,0.355873,0.160582
WQzBV,LP_2,0.359623,0.157053
WQzBV,LP_3,0.410719,0.009782
WQzBV,LP_4,0.366203,0.133897
WQzBV,LP_5,0.385208,0.150138
WQzBV,LP_6,0.233058,-0.195537
WQzBV,LP_7,0.279302,0.175578
WQzBV,LP_9,0.390428,0.126714
gjGzb,HN_1,-0.717395,0.102574
gjGzb,HN_2_H,-0.481404,0.228142
gjGzb,HN_2_L,-0.177433,-0.367225
gjGzb,HN_3_H,-0.473976,0.204855
gjGzb,HN_3_L,-0.105154,-0.354427
gjGzb,HN_4,-0.41706,0.242587
gjGzb,HN_5,-0.486016,0.153794
gjGzb,HN_6,-0.62862,0.044954
gjGzb,HN_7,-0.509705,-0.090784
gjGzb,HN_9,-0.512754,0.067657
gjGzb,HP_1_H,0.274691,0.325139
gjGzb,HP_1_L,0.34654,-0.107433
gjGzb,HP_2,0.42523,0.221769
gjGzb,HP_3_H,0.378516,0.307429
gjGzb,HP_3_L,0.271134,-0.214414
gjGzb,HP_4,0.344312,0.24633
gjGzb,HP_5,0.2786,0.274264
gjGzb,HP_6,0.333054,0.283929
gjGzb,HP_7_H,0.366516,0.297816
gjGzb,HP_7_L,0.375663,-0.113805
gjGzb,HP_9,0.394309,-0.102733
gjGzb,LN_1,-0.03612,-0.443538
gjGzb,LN_2,-0.337784,-0.328326
gjGzb,LN_3,-0.73823,0.056398
gjGzb,LN_4,-0.282509,-0.3779
gjGzb,LN_5,-0.097493,-0.366694
gjGzb,LN_6,-0.149874,-0.391973
gjGzb,LN_7_N,-0.377305,-0.367119
gjGzb,LN_7_P,0.084436,-0.294869
gjGzb,LN_9,-0.300843,-0.347019
gjGzb,LP_1,0.378438,0.270679
gjGzb,LP_2,0.382426,0.264732
gjGzb,LP_3,0.436762,0.016489
gjGzb,LP_4,0.389423,0.225699
gjGzb,LP_5,0.409633,0.253075
gjGzb,LP_6,0.247836,-0.3296
gjGzb,LP_7,0.297012,0.295958
gjGzb,LP_9,0.415184,0.213591
tMGNS,HN_1,-0.327731,0.058034
tMGNS,HN_2_H,-0.219922,0.129078
tMGNS,HN_2_L,-0.081058,-0.207769
tMGNS,HN_3_H,-0.216529,0.115903
tMGNS,HN_3_L,-0.048038,-0.200528
tMGNS,HN_4,-0.190528,0.137251
tMGNS,HN_5,-0.222029,0.087014
tMGNS,HN_6,-0.287175,0.025434
tMGNS,HN_7,-0.232851,-0.051364
tMGNS,HN_9,-0.234244,0.038279
tMGNS,HP_1_H,0.125489,0.183957
tMGNS,HP_1_L,0.158312,-0.060783
tMGNS,HP_2,0.19426,0.125473
tMGNS,HP_3_H,0.17292,0.173937
tMGNS,HP_3_L,0.123864,-0.121311
tMGNS,HP_4,0.157294,0.139369
tMGNS,HP_5,0.127274,0.155173
tMGNS,HP_6,0.152151,0.160642
tMGNS,HP_7_H,0.167437,0.168499
tMGNS,HP_7_L,0.171616,-0.064389
tMGNS,HP_9,0.180134,-0.058124
tMGNS,LN_1,-0.016501,-0.250945
tMGNS,LN_2,-0.154311,-0.18576
tMGNS,LN_3,-0.337249,0.031909
tMGNS,LN_4,-0.12906,-0.213808
tMGNS,LN_5,-0.044538,-0.207469
tMGNS,LN_6,-0.068468,-0.221771
tMGNS,LN_7_N,-0.172366,-0.207709
tMGNS,LN_7_P,0.038573,-0.166831
tMGNS,LN_9,-0.137436,-0.196337
tMGNS,LP_1,0.172884,0.153145
tMGNS,LP_2,0.174705,0.14978
tMGNS,LP_3,0.199528,0.009329
tMGNS,LP_4,0.177902,0.127696
tMGNS,LP_5,0.187135,0.143185
tMGNS,LP_6,0.11322,-0.186481
tMGNS,LP_7,0.135686,0.167447
tMGNS,LP_9,0.18967,0.120846
urJvc,HN_1,-0.511787,0.072056
urJvc,HN_2_H,-0.343432,0.160265
urJvc,HN_2_L,-0.12658,-0.257968
urJvc,HN_3_H,-0.338133,0.143906
urJvc,HN_3_L,-0.075017,-0.248978
urJvc,HN_4,-0.297529,0.170412
urJvc,HN_5,-0.346723,0.108037
urJvc,HN_6,-0.448455,0.031579
urJvc,HN_7,-0.363622,-0.063774
urJvc,HN_9,-0.365797,0.047527
urJvc,HP_1_H,0.195964,0.228404
urJvc,HP_1_L,0.247221,-0.075469
urJvc,HP_2,0.303358,0.155788
urJvc,HP_3_H,0.270033,0.215962
urJvc,HP_3_L,0.193426,-0.150621
urJvc,HP_4,0.245631,0.173042
urJvc,HP_5,0.198753,0.192665
urJvc,HP_6,0.2376,0.199454
urJvc,HP_7_H,0.261471,0.20921
urJvc,HP_7_L,0.267997,-0.079946
urJvc,HP_9,0.281299,-0.072168
urJvc,LN_1,-0.025768,-0.311576
urJvc,LN_2,-0.240974,-0.230642
urJvc,LN_3,-0.526651,0.039619
urJvc,LN_4,-0.201541,-0.265467
urJvc,LN_5,-0.069551,-0.257595
urJvc,LN_6,-0.10692,-0.275353
urJvc,LN_7_N,-0.269168,-0.257894
urJvc,LN_7_P,0.060237,-0.207139
urJvc,LN_9,-0.21462,-0.243774
urJvc,LP_1,0.269977,0.190147
urJvc,LP_2,0.272821,0.185968
urJvc,LP_3,0.311585,0.011583
urJvc,LP_4,0.277813,0.158549
urJvc,LP_5,0.292231,0.17778
urJvc,LP_6,0.176805,-0.231537
urJvc,LP_7,0.211888,0.207904
urJvc,LP_9,0.296191,0.150043
yb3T2,HN_1,-0.702701,0.068046
yb3T2,HN_2_H,-0.471543,0.151347
yb3T2,HN_2_L,-0.173799,-0.243614
yb3T2,HN_3_H,-0.464268,0.135899
yb3T2,HN_3_L,-0.103,-0.235124
yb3T2,HN_4,-0.408518,0.16093
yb3T2,HN_5,-0.476061,0.102025
yb3T2,HN_6,-0.615744,0.029822
yb3T2,HN_7,-0.499265,-0.060225
yb3T2,HN_9,-0.502252,0.044883
yb3T2,HP_1_H,0.269065,0.215694
yb3T2,HP_1_L,0.339442,-0.07127
yb3T2,HP_2,0.41652,0.14712
yb3T2,HP_3_H,0.370763,0.203945
yb3T2,HP_3_L,0.26558,-0.14224
yb3T2,HP_4,0.33726,0.163413
yb3T2,HP_5,0.272894,0.181944
yb3T2,HP_6,0.326232,0.188356
yb3T2,HP_7_H,0.359008,0.197569
yb3T2,HP_7_L,0.367968,-0.075497
yb3T2,HP_9,0.386233,-0.068152
yb3T2,LN_1,-0.03538,-0.294239
yb3T2,LN_2,-0.330865,-0.217808
yb3T2,LN_3,-0.723109,0.037414
yb3T2,LN_4,-0.276723,-0.250695
yb3T2,LN_5,-0.095496,-0.243262
yb3T2,LN_6,-0.146804,-0.260031
yb3T2,LN_7_N,-0.369577,-0.243543
yb3T2,LN_7_P,0.082707,-0.195613
yb3T2,LN_9,-0.294681,-0.230209
yb3T2,LP_1,0.370687,0.179566
yb3T2,LP_2,0.374593,0.17562
yb3T2,LP_3,0.427816,0.010939
yb3T2,LP_4,0.381446,0.149727
yb3T2,LP_5,0.401242,0.167888
yb3T2,LP_6,0.24276,-0.218654
yb3T2,LP_7,0.290929,0.196336
yb3T2,LP_9,0.40668,0.141694
4FoNM,HN_1,-0.685068,0.065641
4FoNM,HN_2_H,-0.459711,0.145996
4FoNM,HN_2_L,-0.169438,-0.235001
4FoNM,HN_3_H,-0.452618,0.131094
4FoNM,HN_3_L,-0.100416,-0.226811
4FoNM,HN_4,-0.398267,0.15524
4FoNM,HN_5,-0.464116,0.098418
4FoNM,HN_6,-0.600293,0.028768
4FoNM,HN_7,-0.486737,-0.058096
4FoNM,HN_9,-0.489649,0.043296
4FoNM,HP_1_H,0.262313,0.208069
4FoNM,HP_1_L,0.330925,-0.06875
4FoNM,HP_2,0.406069,0.141918
4FoNM,HP_3_H,0.36146,0.196735
4FoNM,HP_3_L,0.258916,-0.137212
4FoNM,HP_4,0.328797,0.157636
4FoNM,HP_5,0.266046,0.175512
4FoNM,HP_6,0.318046,0.181697
4FoNM,HP_7_H,0.35,0.190584
4FoNM,HP_7_L,0.358735,-0.072828
4FoNM,HP_9,0.376541,-0.065743
4FoNM,LN_1,-0.034492,-0.283837
4FoNM,LN_2,-0.322563,-0.210108
4FoNM,LN_3,-0.704964,0.036091
4FoNM,LN_4,-0.269779,-0.241832
4FoNM,LN_5,-0.093099,-0.234661
4FoNM,LN_6,-0.143121,-0.250838
4FoNM,LN_7_N,-0.360303,-0.234933
4FoNM,LN_7_P,0.080631,-0.188698
4FoNM,LN_9,-0.287287,-0.22207
4FoNM,LP_1,0.361385,0.173218
4FoNM,LP_2,0.365193,0.169412
4FoNM,LP_3,0.417081,0.010552
4FoNM,LP_4,0.371875,0.144433
4FoNM,LP_5,0.391174,0.161952
4FoNM,LP_6,0.236668,-0.210923
4FoNM,LP_7,0.283628,0.189394
4FoNM,LP_9,0.396475,0.136685
5KB3V,HN_1,-0.838539,0.078402
5KB3V,HN_2_H,-0.562696,0.17438
5KB3V,HN_2_L,-0.207396,-0.280689
5KB3V,HN_3_H,-0.554015,0.156581
5KB3V,HN_3_L,-0.122911,-0.270907
5KB3V,HN_4,-0.487488,0.185421
5KB3V,HN_5,-0.568088,0.117553
5KB3V,HN_6,-0.734772,0.034361
5KB3V,HN_7,-0.595777,-0.069391
5KB3V,HN_9,-0.599341,0.051713
5KB3V,HP_1_H,0.321077,0.248521
5KB3V,HP_1_L,0.405059,-0.082116
5KB3V,HP_2,0.497037,0.169509
5KB3V,HP_3_H,0.442435,0.234983
5KB3V,HP_3_L,0.316919,-0.163888
5KB3V,HP_4,0.402455,0.188283
5KB3V,HP_5,0.325647,0.209634
5KB3V,HP_6,0.389296,0.217022
5KB3V,HP_7_H,0.428408,0.227636
5KB3V,HP_7_L,0.4391,-0.086987
5KB3V,HP_9,0.460895,-0.078524
5KB3V,LN_1,-0.042219,-0.339019
5KB3V,LN_2,-0.394824,-0.250956
5KB3V,LN_3,-0.862893,0.043108
5KB3V,LN_4,-0.330216,-0.288848
5KB3V,LN_5,-0.113956,-0.280283
5KB3V,LN_6,-0.175183,-0.299605
5KB3V,LN_7_N,-0.441019,-0.280608
5KB3V,LN_7_P,0.098695,-0.225383
5KB3V,LN_9,-0.351645,-0.265244
5KB3V,LP_1,0.442344,0.206894
5KB3V,LP_2,0.447004,0.202348
5KB3V,LP_3,0.510516,0.012604
5KB3V,LP_4,0.455183,0.172513
5KB3V,LP_5,0.478806,0.193438
5KB3V,LP_6,0.289687,-0.25193
5KB3V,LP_7,0.347168,0.226216
5KB3V,LP_9,0.485294,0.163258
CoQmx,HN_1,-0.40229,0.066465
CoQmx,HN_2_H,-0.269954,0.147831
CoQmx,HN_2_L,-0.099498,-0.237954
CoQmx,HN_3_H,-0.265789,0.132742
CoQmx,HN_3_L,-0.058967,-0.229661
CoQmx,HN_4,-0.233873,0.157191
CoQmx,HN_5,-0.272541,0.099655
CoQmx,HN_6,-0.352508,0.029129
CoQmx,HN_7,-0.285825,-0.058826
CoQmx,HN_9,-0.287535,0.04384
CoQmx,HP_1_H,0.154037,0.210683
CoQmx,HP_1_L,0.194327,-0.069614
CoQmx,HP_2,0.238454,0.143702
CoQmx,HP_3_H,0.212259,0.199207
CoQmx,HP_3_L,0.152042,-0.138936
CoQmx,HP_4,0.193078,0.159617
CoQmx,HP_5,0.156229,0.177717
CoQmx,HP_6,0.186765,0.18398
CoQmx,HP_7_H,0.205529,0.192979
CoQmx,HP_7_L,0.210658,-0.073743
CoQmx,HP_9,0.221115,-0.066569
CoQmx,LN_1,-0.020255,-0.287403
CoQmx,LN_2,-0.189417,-0.212748
CoQmx,LN_3,-0.413973,0.036545
CoQmx,LN_4,-0.158421,-0.244871
CoQmx,LN_5,-0.05467,-0.23761
CoQmx,LN_6,-0.084044,-0.25399
CoQmx,LN_7_N,-0.211579,-0.237885
CoQmx,LN_7_P,0.047349,-0.191069
CoQmx,LN_9,-0.168702,-0.224861
CoQmx,LP_1,0.212215,0.175394
CoQmx,LP_2,0.214451,0.17154
CoQmx,LP_3,0.244921,0.010685
CoQmx,LP_4,0.218375,0.146248
CoQmx,LP_5,0.229708,0.163987
CoQmx,LP_6,0.138978,-0.213574
CoQmx,LP_7,0.166554,0.191774
CoQmx,LP_9,0.23282,0.138402
Cr1sTi,HN_1,-0.642619,0.091989
Cr1sTi,HN_2_H,-0.431225,0.204599
Cr1sTi,HN_2_L,-0.158939,-0.32933
Cr1sTi,HN_3_H,-0.424572,0.183715
Cr1sTi,HN_3_L,-0.094194,-0.317852
Cr1sTi,HN_4,-0.373589,0.217553
Cr1sTi,HN_5,-0.435357,0.137923
Cr1sTi,HN_6,-0.563097,0.040315
Cr1sTi,HN_7,-0.456577,-0.081416
Cr1sTi,HN_9,-0.459308,0.060675
Cr1sTi,HP_1_H,0.246059,0.291587
Cr1sTi,HP_1_L,0.310419,-0.096346
Cr1sTi,HP_2,0.380907,0.198884
Cr1sTi,HP_3_H,0.339063,0.275704
Cr1sTi,HP_3_L,0.242873,-0.192288
Cr1sTi,HP_4,0.308423,0.220911
Cr1sTi,HP_5,0.249561,0.245962
Cr1sTi,HP_6,0.298339,0.254629
Cr1sTi,HP_7_H,0.328313,0.267084
Cr1sTi,HP_7_L,0.336506,-0.102061
Cr1sTi,HP_9,0.353209,-0.092131
Cr1sTi,LN_1,-0.032355,-0.397768
Cr1sTi,LN_2,-0.302576,-0.294444
Cr1sTi,LN_3,-0.661282,0.050578
Cr1sTi,LN_4,-0.253063,-0.338903
Cr1sTi,LN_5,-0.087331,-0.328854
Cr1sTi,LN_6,-0.134252,-0.351523
Cr1sTi,LN_7_N,-0.337977,-0.329235
Cr1sTi,LN_7_P,0.075635,-0.26444
Cr1sTi,LN_9,-0.269485,-0.311208
Cr1sTi,LP_1,0.338992,0.242747
Cr1sTi,LP_2,0.342564,0.237413
Cr1sTi,LP_3,0.391237,0.014788
Cr1sTi,LP_4,0.348832,0.202408
Cr1sTi,LP_5,0.366935,0.226959
Cr1sTi,LP_6,0.222003,-0.295587
Cr1sTi,LP_7,0.266054,0.265417
Cr1sTi,LP_9,0.371908,0.19155
F5tXL,HN_1,-0.655571,0.096044
F5tXL,HN_2_H,-0.439917,0.213619
F5tXL,HN_2_L,-0.162142,-0.343848
F5tXL,HN_3_H,-0.43313,0.191814
F5tXL,HN_3_L,-0.096092,-0.331865
F5tXL,HN_4,-0.381119,0.227144
F5tXL,HN_5,-0.444132,0.144004
F5tXL,HN_6,-0.574446,0.042092
F5tXL,HN_7,-0.46578,-0.085005
F5tXL,HN_9,-0.468566,0.06335
F5tXL,HP_1_H,0.251019,0.304441
F5tXL,HP_1_L,0.316676,-0.100594
F5tXL,HP_2,0.388584,0.207652
F5tXL,HP_3_H,0.345897,0.287858
F5tXL,HP_3_L,0.247768,-0.200765
F5tXL,HP_4,0.31464,0.230649
F5tXL,HP_5,0.254591,0.256805
F5tXL,HP_6,0.304352,0.265855
F5tXL,HP_7_H,0.33493,0.278858
F5tXL,HP_7_L,0.343289,-0.106561
F5tXL,HP_9,0.360328,-0.096193
F5tXL,LN_1,-0.033007,-0.415303
F5tXL,LN_2,-0.308674,-0.307425
F5tXL,LN_3,-0.674611,0.052808
F5tXL,LN_4,-0.258163,-0.353843
F5tXL,LN_5,-0.089091,-0.343351
F5tXL,LN_6,-0.136958,-0.36702
F5tXL,LN_7_N,-0.344789,-0.343749
F5tXL,LN_7_P,0.07716,-0.276098
F5tXL,LN_9,-0.274917,-0.324928
F5tXL,LP_1,0.345825,0.253448
F5tXL,LP_2,0.349469,0.247879
F5tXL,LP_3,0.399122,0.01544
F5tXL,LP_4,0.355863,0.211331
F5tXL,LP_5,0.374331,0.236964
F5tXL,LP_6,0.226478,-0.308618
F5tXL,LP_7,0.271416,0.277117
F5tXL,LP_9,0.379404,0.199994
F8mDn,HN_1,-0.909723,0.051436
F8mDn,HN_2_H,-0.610464,0.114402
F8mDn,HN_2_L,-0.225002,-0.184146
F8mDn,HN_3_H,-0.601046,0.102725
F8mDn,HN_3_L,-0.133345,-0.177728
F8mDn,HN_4,-0.528871,0.121645
F8mDn,HN_5,-0.616314,0.07712
F8mDn,HN_6,-0.797148,0.022542
F8mDn,HN_7,-0.646354,-0.045524
F8mDn,HN_9,-0.65022,0.033927
F8mDn,HP_1_H,0.348334,0.163042
F8mDn,HP_1_L,0.439445,-0.053872
F8mDn,HP_2,0.539231,0.111207
F8mDn,HP_3_H,0.479994,0.154161
F8mDn,HP_3_L,0.343823,-0.107518
F8mDn,HP_4,0.43662,0.123523
F8mDn,HP_5,0.353291,0.13753
F8mDn,HP_6,0.422343,0.142377
F8mDn,HP_7_H,0.464776,0.149341
F8mDn,HP_7_L,0.476375,-0.057068
F8mDn,HP_9,0.500021,-0.051516
F8mDn,LN_1,-0.045803,-0.222413
F8mDn,LN_2,-0.428341,-0.164639
F8mDn,LN_3,-0.936144,0.028281
F8mDn,LN_4,-0.358248,-0.189499
F8mDn,LN_5,-0.12363,-0.18388
F8mDn,LN_6,-0.190054,-0.196555
F8mDn,LN_7_N,-0.478457,-0.184093
F8mDn,LN_7_P,0.107073,-0.147863
F8mDn,LN_9,-0.381497,-0.174013
F8mDn,LP_1,0.479895,0.135733
F8mDn,LP_2,0.484951,0.13275
F8mDn,LP_3,0.553854,0.008269
F8mDn,LP_4,0.493824,0.113177
F8mDn,LP_5,0.519452,0.126905
F8mDn,LP_6,0.314279,-0.165279
F8mDn,LP_7,0.376639,0.148409
F8mDn,LP_9,0.526491,0.107106
LR96S,HN_1,-0.845505,0.053475
LR96S,HN_2_H,-0.567371,0.118937
LR96S,HN_2_L,-0.209119,-0.191446
LR96S,HN_3_H,-0.558617,0.106797
LR96S,HN_3_L,-0.123932,-0.184774
LR96S,HN_4,-0.491537,0.126468
LR96S,HN_5,-0.572807,0.080178
LR96S,HN_6,-0.740876,0.023436
LR96S,HN_7,-0.600727,-0.047329
LR96S,HN_9,-0.60432,0.035271
LR96S,HP_1_H,0.323745,0.169505
LR96S,HP_1_L,0.408424,-0.056008
LR96S,HP_2,0.501166,0.115615
LR96S,HP_3_H,0.446111,0.160272
LR96S,HP_3_L,0.319552,-0.111781
LR96S,HP_4,0.405798,0.12842
LR96S,HP_5,0.328352,0.142982
LR96S,HP_6,0.39253,0.148021
LR96S,HP_7_H,0.431967,0.155261
LR96S,HP_7_L,0.442748,-0.05933
LR96S,HP_9,0.464724,-0.053558
LR96S,LN_1,-0.04257,-0.23123
LR96S,LN_2,-0.398104,-0.171166
LR96S,LN_3,-0.870061,0.029402
LR96S,LN_4,-0.332959,-0.197011
LR96S,LN_5,-0.114902,-0.191169
LR96S,LN_6,-0.176638,-0.204348
LR96S,LN_7_N,-0.444683,-0.191391
LR96S,LN_7_P,0.099515,-0.153724
LR96S,LN_9,-0.354567,-0.180912
LR96S,LP_1,0.446019,0.141114
LR96S,LP_2,0.450718,0.138013
LR96S,LP_3,0.514757,0.008596
LR96S,LP_4,0.458965,0.117664
LR96S,LP_5,0.482784,0.131936
LR96S,LP_6,0.292094,-0.171831
LR96S,LP_7,0.350052,0.154292
LR96S,LP_9,0.489326,0.111352
PPjCX,HN_1,-0.40599,0.073705
PPjCX,HN_2_H,-0.272437,0.163934
PPjCX,HN_2_L,-0.100414,-0.263874
PPjCX,HN_3_H,-0.268234,0.147201
PPjCX,HN_3_L,-0.059509,-0.254678
PPjCX,HN_4,-0.236024,0.174313
PPjCX,HN_5,-0.275048,0.11051
PPjCX,HN_6,-0.35575,0.032302
PPjCX,HN_7,-0.288454,-0.065234
PPjCX,HN_9,-0.29018,0.048615
PPjCX,HP_1_H,0.155454,0.233633
PPjCX,HP_1_L,0.196115,-0.077197
PPjCX,HP_2,0.240648,0.159355
PPjCX,HP_3_H,0.214211,0.220906
PPjCX,HP_3_L,0.153441,-0.15407
PPjCX,HP_4,0.194854,0.177004
PPjCX,HP_5,0.157666,0.197076
PPjCX,HP_6,0.188483,0.204021
PPjCX,HP_7_H,0.20742,0.213999
PPjCX,HP_7_L,0.212596,-0.081776
PPjCX,HP_9,0.223149,-0.07382
PPjCX,LN_1,-0.020441,-0.31871
PPjCX,LN_2,-0.19116,-0.235922
PPjCX,LN_3,-0.417782,0.040526
PPjCX,LN_4,-0.159879,-0.271544
PPjCX,LN_5,-0.055173,-0.263492
PPjCX,LN_6,-0.084817,-0.281657
PPjCX,LN_7_N,-0.213525,-0.263798
PPjCX,LN_7_P,0.047784,-0.211882
PPjCX,LN_9,-0.170254,-0.249354
PPjCX,LP_1,0.214167,0.1945
PPjCX,LP_2,0.216423,0.190226
PPjCX,LP_3,0.247174,0.011849
PPjCX,LP_4,0.220383,0.162179
PPjCX,LP_5,0.231821,0.18185
PPjCX,LP_6,0.140256,-0.236838
PPjCX,LP_7,0.168086,0.212664
PPjCX,LP_9,0.234962,0.153478
VckNZ,HN_1,-0.456603,0.07185
VckNZ,HN_2_H,-0.306401,0.159806
VckNZ,HN_2_L,-0.112932,-0.25723
VckNZ,HN_3_H,-0.301674,0.143495
VckNZ,HN_3_L,-0.066928,-0.248265
VckNZ,HN_4,-0.265448,0.169924
VckNZ,HN_5,-0.309337,0.107728
VckNZ,HN_6,-0.4001,0.031489
VckNZ,HN_7,-0.324414,-0.063591
VckNZ,HN_9,-0.326355,0.047391
VckNZ,HP_1_H,0.174834,0.22775
VckNZ,HP_1_L,0.220564,-0.075253
VckNZ,HP_2,0.270648,0.155342
VckNZ,HP_3_H,0.240916,0.215344
VckNZ,HP_3_L,0.17257,-0.15019
VckNZ,HP_4,0.219146,0.172547
VckNZ,HP_5,0.177322,0.192113
VckNZ,HP_6,0.21198,0.198884
VckNZ,HP_7_H,0.233278,0.208611
VckNZ,HP_7_L,0.2391,-0.079717
VckNZ,HP_9,0.250968,-0.071961
VckNZ,LN_1,-0.022989,-0.310685
VckNZ,LN_2,-0.214991,-0.229982
VckNZ,LN_3,-0.469864,0.039505
VckNZ,LN_4,-0.17981,-0.264707
VckNZ,LN_5,-0.062051,-0.256858
VckNZ,LN_6,-0.095391,-0.274565
VckNZ,LN_7_N,-0.240145,-0.257156
VckNZ,LN_7_P,0.053741,-0.206547
VckNZ,LN_9,-0.191479,-0.243076
VckNZ,LP_1,0.240866,0.189603
VckNZ,LP_2,0.243404,0.185436
VckNZ,LP_3,0.277988,0.01155
VckNZ,LP_4,0.247857,0.158095
VckNZ,LP_5,0.260721,0.177271
VckNZ,LP_6,0.157741,-0.230875
VckNZ,LP_7,0.18904,0.207309
VckNZ,LP_9,0.264254,0.149614
hMHEK1,HN_1,-0.579489,0.07744
hMHEK1,HN_2_H,-0.388862,0.17224
hMHEK1,HN_2_L,-0.143325,-0.277244
hMHEK1,HN_3_H,-0.382863,0.154659
hMHEK1,HN_3_L,-0.08494,-0.267582
hMHEK1,HN_4,-0.336888,0.183146
hMHEK1,HN_5,-0.392588,0.11611
hMHEK1,HN_6,-0.507779,0.033939
hMHEK1,HN_7,-0.411724,-0.068539
hMHEK1,HN_9,-0.414187,0.051079
hMHEK1,HP_1_H,0.221887,0.24547
hMHEK1,HP_1_L,0.279924,-0.081108
hMHEK1,HP_2,0.343487,0.167429
hMHEK1,HP_3_H,0.305754,0.232099
hMHEK1,HP_3_L,0.219013,-0.161876
hMHEK1,HP_4,0.278124,0.185972
hMHEK1,HP_5,0.225044,0.207061
hMHEK1,HP_6,0.26903,0.214358
hMHEK1,HP_7_H,0.29606,0.224842
hMHEK1,HP_7_L,0.303448,-0.08592
hMHEK1,HP_9,0.31851,-0.07756
hMHEK1,LN_1,-0.029177,-0.334858
hMHEK1,LN_2,-0.272851,-0.247876
hMHEK1,LN_3,-0.596319,0.042579
hMHEK1,LN_4,-0.228202,-0.285303
hMHEK1,LN_5,-0.078751,-0.276843
hMHEK1,LN_6,-0.121064,-0.295928
hMHEK1,LN_7_N,-0.304775,-0.277164
hMHEK1,LN_7_P,0.068205,-0.222617
hMHEK1,LN_9,-0.243011,-0.261989
hMHEK1,LP_1,0.30569,0.204355
hMHEK1,LP_2,0.308911,0.199864
hMHEK1,LP_3,0.352802,0.012449
hMHEK1,LP_4,0.314563,0.170396
hMHEK1,LP_5,0.330888,0.191064
hMHEK1,LP_6,0.200194,-0.248838
hMHEK1,LP_7,0.239917,0.223439
hMHEK1,LP_9,0.335372,0.161255
wohkw,HN_1,-0.617475,0.100282
wohkw,HN_2_H,-0.414353,0.223046
wohkw,HN_2_L,-0.15272,-0.359023
wohkw,HN_3_H,-0.40796,0.200279
wohkw,HN_3_L,-0.090508,-0.34651
wohkw,HN_4,-0.358972,0.237168
wohkw,HN_5,-0.418323,0.150359
wohkw,HN_6,-0.541065,0.04395
wohkw,HN_7,-0.438713,-0.088756
wohkw,HN_9,-0.441337,0.066145
wohkw,HP_1_H,0.236432,0.317877
wohkw,HP_1_L,0.298274,-0.105033
wohkw,HP_2,0.366004,0.216816
wohkw,HP_3_H,0.325796,0.300562
wohkw,HP_3_L,0.23337,-0.209625
wohkw,HP_4,0.296356,0.240828
wohkw,HP_5,0.239797,0.268138
wohkw,HP_6,0.286666,0.277587
wohkw,HP_7_H,0.315467,0.291164
wohkw,HP_7_L,0.32334,-0.111263
wohkw,HP_9,0.339389,-0.100438
wohkw,LN_1,-0.031089,-0.433631
wohkw,LN_2,-0.290737,-0.320992
wohkw,LN_3,-0.635409,0.055138
wohkw,LN_4,-0.243161,-0.369459
wohkw,LN_5,-0.083914,-0.358504
wohkw,LN_6,-0.129,-0.383217
wohkw,LN_7_N,-0.324753,-0.358919
wohkw,LN_7_P,0.072676,-0.288283
wohkw,LN_9,-0.258941,-0.339268
wohkw,LP_1,0.325729,0.264633
wohkw,LP_2,0.329161,0.258818
wohkw,LP_3,0.375929,0.016121
wohkw,LP_4,0.335184,0.220658
wohkw,LP_5,0.352579,0.247422
wohkw,LP_6,0.213317,-0.322238
wohkw,LP_7,0.255644,0.289347
wohkw,LP_9,0.357357,0.20882
6GSd4,HN_1,-0.372031,0.065961
6GSd4,HN_2_H,-0.249649,0.14671
6GSd4,HN_2_L,-0.092014,-0.23615
6GSd4,HN_3_H,-0.245797,0.131735
6GSd4,HN_3_L,-0.054532,-0.227919
6GSd4,HN_4,-0.216281,0.155999
6GSd4,HN_5,-0.252041,0.098899
6GSd4,HN_6,-0.325993,0.028908
6GSd4,HN_7,-0.264326,-0.05838
6GSd4,HN_9,-0.265907,0.043508
6GSd4,HP_1_H,0.142451,0.209086
6GSd4,HP_1_L,0.179711,-0.069086
6GSd4,HP_2,0.220518,0.142612
6GSd4,HP_3_H,0.196293,0.197696
6GSd4,HP_3_L,0.140606,-0.137882
6GSd4,HP_4,0.178555,0.158406
6GSd4,HP_5,0.144478,0.176369
6GSd4,HP_6,0.172717,0.182585
6GSd4,HP_7_H,0.19007,0.191515
6GSd4,HP_7_L,0.194813,-0.073184
6GSd4,HP_9,0.204483,-0.066064
6GSd4,LN_1,-0.018731,-0.285224
6GSd4,LN_2,-0.17517,-0.211135
6GSd4,LN_3,-0.382836,0.036268
6GSd4,LN_4,-0.146505,-0.243014
6GSd4,LN_5,-0.050558,-0.235808
6GSd4,LN_6,-0.077723,-0.252064
6GSd4,LN_7_N,-0.195665,-0.236081
6GSd4,LN_7_P,0.043787,-0.18962
6GSd4,LN_9,-0.156013,-0.223155
6GSd4,LP_1,0.196253,0.174064
6GSd4,LP_2,0.198321,0.17024
6GSd4,LP_3,0.226499,0.010604
6GSd4,LP_4,0.201949,0.145139
6GSd4,LP_5,0.21243,0.162744
6GSd4,LP_6,0.128524,-0.211954
6GSd4,LP_7,0.154026,0.19032
6GSd4,LP_9,0.215308,0.137353
8vDRG,HN_1,-0.668741,0.069581
8vDRG,HN_2_H,-0.448755,0.154761
8vDRG,HN_2_L,-0.1654,-0.24911
8vDRG,HN_3_H,-0.441831,0.138965
8vDRG,HN_3_L,-0.098023,-0.240428
8vDRG,HN_4,-0.388775,0.16456
8vDRG,HN_5,-0.453055,0.104327
8vDRG,HN_6,-0.585987,0.030495
8vDRG,HN_7,-0.475137,-0.061584
8vDRG,HN_9,-0.477979,0.045895
8vDRG,HP_1_H,0.256062,0.22056
8vDRG,HP_1_L,0.323038,-0.072878
8vDRG,HP_2,0.396391,0.150438
8vDRG,HP_3_H,0.352846,0.208546
8vDRG,HP_3_L,0.252746,-0.145449
8vDRG,HP_4,0.320961,0.1671
8vDRG,HP_5,0.259706,0.186049
8vDRG,HP_6,0.310466,0.192605
8vDRG,HP_7_H,0.341659,0.202026
8vDRG,HP_7_L,0.350185,-0.077201
8vDRG,HP_9,0.367567,-0.069689
8vDRG,LN_1,-0.03367,-0.300877
8vDRG,LN_2,-0.314875,-0.222722
8vDRG,LN_3,-0.688164,0.038258
8vDRG,LN_4,-0.26335,-0.256351
8vDRG,LN_5,-0.090881,-0.248749
8vDRG,LN_6,-0.13971,-0.265897
8vDRG,LN_7_N,-0.351716,-0.249038
8vDRG,LN_7_P,0.07871,-0.200026
8vDRG,LN_9,-0.28044,-0.235402
8vDRG,LP_1,0.352773,0.183617
8vDRG,LP_2,0.35649,0.179582
8vDRG,LP_3,0.407141,0.011186
8vDRG,LP_4,0.363012,0.153104
8vDRG,LP_5,0.381852,0.171675
8vDRG,LP_6,0.231028,-0.223586
8vDRG,LP_7,0.276869,0.200765
8vDRG,LP_9,0.387026,0.144891
Fjil72,HN_1,-0.603543,0.074301
Fjil72,HN_2_H,-0.405004,0.165259
Fjil72,HN_2_L,-0.149274,-0.266007
Fjil72,HN_3_H,-0.398756,0.148391
Fjil72,HN_3_L,-0.088466,-0.256736
Fjil72,HN_4,-0.350872,0.175722
Fjil72,HN_5,-0.408885,0.111404
Fjil72,HN_6,-0.528857,0.032563
Fjil72,HN_7,-0.428814,-0.065761
Fjil72,HN_9,-0.43138,0.049008
Fjil72,HP_1_H,0.231097,0.235521
Fjil72,HP_1_L,0.291544,-0.077821
Fjil72,HP_2,0.357745,0.160643
Fjil72,HP_3_H,0.318445,0.222692
Fjil72,HP_3_L,0.228105,-0.155315
Fjil72,HP_4,0.289669,0.178434
Fjil72,HP_5,0.234386,0.198668
Fjil72,HP_6,0.280198,0.20567
Fjil72,HP_7_H,0.308349,0.215729
Fjil72,HP_7_L,0.316045,-0.082437
Fjil72,HP_9,0.331732,-0.074416
Fjil72,LN_1,-0.030388,-0.321285
Fjil72,LN_2,-0.284177,-0.237829
Fjil72,LN_3,-0.621072,0.040853
Fjil72,LN_4,-0.237675,-0.273739
Fjil72,LN_5,-0.08202,-0.265622
Fjil72,LN_6,-0.126089,-0.283933
Fjil72,LN_7_N,-0.317426,-0.26593
Fjil72,LN_7_P,0.071036,-0.213594
Fjil72,LN_9,-0.253099,-0.25137
Fjil72,LP_1,0.31838,0.196072
Fjil72,LP_2,0.321734,0.191763
Fjil72,LP_3,0.367447,0.011944
Fjil72,LP_4,0.327621,0.163489
Fjil72,LP_5,0.344624,0.18332
Fjil72,LP_6,0.208504,-0.238752
Fjil72,LP_7,0.249876,0.214383
Fjil72,LP_9,0.349293,0.154719
Fyt7d,HN_1,-0.62651,0.074988
Fyt7d,HN_2_H,-0.420415,0.166788
Fyt7d,HN_2_L,-0.154955,-0.268467
Fyt7d,HN_3_H,-0.413929,0.149763
Fyt7d,HN_3_L,-0.091833,-0.259111
Fyt7d,HN_4,-0.364224,0.177348
Fyt7d,HN_5,-0.424444,0.112434
Fyt7d,HN_6,-0.548981,0.032864
Fyt7d,HN_7,-0.445132,-0.06637
Fyt7d,HN_9,-0.447795,0.049462
Fyt7d,HP_1_H,0.239891,0.2377
Fyt7d,HP_1_L,0.302638,-0.078541
Fyt7d,HP_2,0.371358,0.162129
Fyt7d,HP_3_H,0.330563,0.224752
Fyt7d,HP_3_L,0.236785,-0.156752
Fyt7d,HP_4,0.300692,0.180085
Fyt7d,HP_5,0.243305,0.200506
Fyt7d,HP_6,0.29086,0.207572
Fyt7d,HP_7_H,0.320082,0.217725
Fyt7d,HP_7_L,0.328071,-0.0832
Fyt7d,HP_9,0.344355,-0.075105
Fyt7d,LN_1,-0.031544,-0.324257
Fyt7d,LN_2,-0.294991,-0.240029
Fyt7d,LN_3,-0.644705,0.041231
Fyt7d,LN_4,-0.246719,-0.276271
Fyt7d,LN_5,-0.085141,-0.268079
Fyt7d,LN_6,-0.130887,-0.286559
Fyt7d,LN_7_N,-0.329505,-0.26839
Fyt7d,LN_7_P,0.073739,-0.21557
Fyt7d,LN_9,-0.26273,-0.253695
Fyt7d,LP_1,0.330495,0.197886
Fyt7d,LP_2,0.333977,0.193537
Fyt7d,LP_3,0.381429,0.012055
Fyt7d,LP_4,0.340088,0.165002
Fyt7d,LP_5,0.357737,0.185015
Fyt7d,LP_6,0.216438,-0.240961
Fyt7d,LP_7,0.259384,0.216366
Fyt7d,LP_9,0.362585,0.15615
G4Egk,HN_1,-0.373337,0.070154
G4Egk,HN_2_H,-0.250526,0.156035
G4Egk,HN_2_L,-0.092337,-0.25116
G4Egk,HN_3_H,-0.24666,0.140109
G4Egk,HN_3_L,-0.054723,-0.242407
G4Egk,HN_4,-0.217041,0.165915
G4Egk,HN_5,-0.252926,0.105186
G4Egk,HN_6,-0.327138,0.030746
G4Egk,HN_7,-0.265254,-0.062091
G4Egk,HN_9,-0.266841,0.046273
G4Egk,HP_1_H,0.142951,0.222376
G4Egk,HP_1_L,0.180342,-0.073478
G4Egk,HP_2,0.221292,0.151677
G4Egk,HP_3_H,0.196982,0.210263
G4Egk,HP_3_L,0.1411,-0.146646
G4Egk,HP_4,0.179182,0.168475
G4Egk,HP_5,0.144985,0.18758
G4Egk,HP_6,0.173323,0.194191
G4Egk,HP_7_H,0.190737,0.203689
G4Egk,HP_7_L,0.195497,-0.077836
G4Egk,HP_9,0.205201,-0.070263
G4Egk,LN_1,-0.018797,-0.303354
G4Egk,LN_2,-0.175785,-0.224555
G4Egk,LN_3,-0.38418,0.038573
G4Egk,LN_4,-0.14702,-0.258461
G4Egk,LN_5,-0.050736,-0.250797
G4Egk,LN_6,-0.077996,-0.268086
G4Egk,LN_7_N,-0.196352,-0.251088
G4Egk,LN_7_P,0.043941,-0.201673
G4Egk,LN_9,-0.156561,-0.23734
G4Egk,LP_1,0.196942,0.185129
G4Egk,LP_2,0.199017,0.181061
G4Egk,LP_3,0.227294,0.011278
G4Egk,LP_4,0.202658,0.154365
G4Egk,LP_5,0.213176,0.173088
G4Egk,LP_6,0.128975,-0.225427
G4Egk,LP_7,0.154567,0.202417
G4Egk,LP_9,0.216064,0.146083
Gftw5,HN_1,-0.54259,0.09027
Gftw5,HN_2_H,-0.364102,0.200777
Gftw5,HN_2_L,-0.134199,-0.323178
Gftw5,HN_3_H,-0.358485,0.180283
Gftw5,HN_3_L,-0.079532,-0.311915
Gftw5,HN_4,-0.315437,0.213489
Gftw5,HN_5,-0.367591,0.135347
Gftw5,HN_6,-0.475447,0.039562
Gftw5,HN_7,-0.385508,-0.079895
Gftw5,HN_9,-0.387814,0.059541
Gftw5,HP_1_H,0.207758,0.28614
Gftw5,HP_1_L,0.2621,-0.094547
Gftw5,HP_2,0.321616,0.195169
Gftw5,HP_3_H,0.286285,0.270554
Gftw5,HP_3_L,0.205068,-0.188696
Gftw5,HP_4,0.260415,0.216784
Gftw5,HP_5,0.210715,0.241367
Gftw5,HP_6,0.2519,0.249873
Gftw5,HP_7_H,0.277208,0.262094
Gftw5,HP_7_L,0.284127,-0.100155
Gftw5,HP_9,0.29823,-0.09041
Gftw5,LN_1,-0.027319,-0.390337
Gftw5,LN_2,-0.255478,-0.288944
Gftw5,LN_3,-0.558349,0.049633
Gftw5,LN_4,-0.213672,-0.332572
Gftw5,LN_5,-0.073737,-0.322711
Gftw5,LN_6,-0.113355,-0.344957
Gftw5,LN_7_N,-0.285368,-0.323085
Gftw5,LN_7_P,0.063862,-0.259501
Gftw5,LN_9,-0.227538,-0.305395
Gftw5,LP_1,0.286226,0.238212
Gftw5,LP_2,0.289242,0.232978
Gftw5,LP_3,0.330338,0.014511
Gftw5,LP_4,0.294534,0.198627
Gftw5,LP_5,0.309819,0.222719
Gftw5,LP_6,0.187447,-0.290066
Gftw5,LP_7,0.22464,0.260459
Gftw5,LP_9,0.314018,0.187971
KoG5ii,HN_1,-0.709558,0.058699
KoG5ii,HN_2_H,-0.476145,0.130556
KoG5ii,HN_2_L,-0.175495,-0.210148
KoG5ii,HN_3_H,-0.468799,0.11723
KoG5ii,HN_3_L,-0.104006,-0.202824
KoG5ii,HN_4,-0.412504,0.138822
KoG5ii,HN_5,-0.480707,0.08801
KoG5ii,HN_6,-0.621753,0.025725
KoG5ii,HN_7,-0.504137,-0.051952
KoG5ii,HN_9,-0.507153,0.038717
KoG5ii,HP_1_H,0.27169,0.186064
KoG5ii,HP_1_L,0.342755,-0.061479
KoG5ii,HP_2,0.420585,0.126909
KoG5ii,HP_3_H,0.374382,0.175928
KoG5ii,HP_3_L,0.268172,-0.1227
KoG5ii,HP_4,0.340551,0.140965
KoG5ii,HP_5,0.275557,0.15695
KoG5ii,HP_6,0.329416,0.162481
KoG5ii,HP_7_H,0.362512,0.170428
KoG5ii,HP_7_L,0.371559,-0.065126
KoG5ii,HP_9,0.390002,-0.05879
KoG5ii,LN_1,-0.035725,-0.253818
KoG5ii,LN_2,-0.334094,-0.187887
KoG5ii,LN_3,-0.730166,0.032274
KoG5ii,LN_4,-0.279423,-0.216256
KoG5ii,LN_5,-0.096428,-0.209844
KoG5ii,LN_6,-0.148237,-0.22431
KoG5ii,LN_7_N,-0.373183,-0.210087
KoG5ii,LN_7_P,0.083514,-0.168741
KoG5ii,LN_9,-0.297557,-0.198584
KoG5ii,LP_1,0.374304,0.154899
KoG5ii,LP_2,0.378248,0.151495
KoG5ii,LP_3,0.431991,0.009436
KoG5ii,LP_4,0.385169,0.129158
KoG5ii,LP_5,0.405158,0.144824
KoG5ii,LP_6,0.245128,-0.188616
KoG5ii,LP_7,0.293768,0.169364
KoG5ii,LP_9,0.410648,0.122229
M4t7k,HN_1,-0.637176,0.090774
M4t7k,HN_2_H,-0.427573,0.201898
M4t7k,HN_2_L,-0.157593,-0.324983
M4t7k,HN_3_H,-0.420977,0.18129
M4t7k,HN_3_L,-0.093396,-0.313656
M4t7k,HN_4,-0.370425,0.214681
M4t7k,HN_5,-0.43167,0.136103
M4t7k,HN_6,-0.558328,0.039783
M4t7k,HN_7,-0.45271,-0.080341
M4t7k,HN_9,-0.455419,0.059874
M4t7k,HP_1_H,0.243975,0.287738
M4t7k,HP_1_L,0.30779,-0.095074
M4t7k,HP_2,0.377681,0.196258
M4t7k,HP_3_H,0.336191,0.272064
M4t7k,HP_3_L,0.240816,-0.189749
M4t7k,HP_4,0.305811,0.217995
M4t7k,HP_5,0.247447,0.242715
M4t7k,HP_6,0.295812,0.251268
M4t7k,HP_7_H,0.325532,0.263558
M4t7k,HP_7_L,0.333657,-0.100714
M4t7k,HP_9,0.350218,-0.090915
M4t7k,LN_1,-0.032081,-0.392517
M4t7k,LN_2,-0.300013,-0.290558
M4t7k,LN_3,-0.655682,0.049911
M4t7k,LN_4,-0.250919,-0.334429
M4t7k,LN_5,-0.086591,-0.324513
M4t7k,LN_6,-0.133115,-0.346883
M4t7k,LN_7_N,-0.335115,-0.324889
M4t7k,LN_7_P,0.074995,-0.26095
M4t7k,LN_9,-0.267203,-0.3071
M4t7k,LP_1,0.336122,0.239543
M4t7k,LP_2,0.339663,0.234279
M4t7k,LP_3,0.387923,0.014592
M4t7k,LP_4,0.345878,0.199736
M4t7k,LP_5,0.363828,0.223963
M4t7k,LP_6,0.220123,-0.291685
M4t7k,LP_7,0.2638,0.261913
M4t7k,LP_9,0.368758,0.189021
O1pGR,HN_1,-0.827219,0.066168
O1pGR,HN_2_H,-0.5551,0.147169
O1pGR,HN_2_L,-0.204596,-0.236888
O1pGR,HN_3_H,-0.546536,0.132147
O1pGR,HN_3_L,-0.121252,-0.228632
O1pGR,HN_4,-0.480907,0.156486
O1pGR,HN_5,-0.560419,0.099209
O1pGR,HN_6,-0.724853,0.028999
O1pGR,HN_7,-0.587735,-0.058563
O1pGR,HN_9,-0.591251,0.043644
O1pGR,HP_1_H,0.316743,0.209739
O1pGR,HP_1_L,0.399591,-0.069302
O1pGR,HP_2,0.490327,0.143058
O1pGR,HP_3_H,0.436463,0.198314
O1pGR,HP_3_L,0.312641,-0.138313
O1pGR,HP_4,0.397022,0.158902
O1pGR,HP_5,0.321251,0.176921
O1pGR,HP_6,0.38404,0.183156
O1pGR,HP_7_H,0.422625,0.192114
O1pGR,HP_7_L,0.433172,-0.073413
O1pGR,HP_9,0.454673,-0.06627
O1pGR,LN_1,-0.041649,-0.286115
O1pGR,LN_2,-0.389494,-0.211795
O1pGR,LN_3,-0.851244,0.036381
O1pGR,LN_4,-0.325758,-0.243774
O1pGR,LN_5,-0.112417,-0.236545
O1pGR,LN_6,-0.172818,-0.252852
O1pGR,LN_7_N,-0.435065,-0.236819
O1pGR,LN_7_P,0.097362,-0.190213
O1pGR,LN_9,-0.346898,-0.223853
O1pGR,LP_1,0.436372,0.174608
O1pGR,LP_2,0.44097,0.170772
O1pGR,LP_3,0.503625,0.010637
O1pGR,LP_4,0.449039,0.145593
O1pGR,LP_5,0.472342,0.163252
O1pGR,LP_6,0.285776,-0.212617
O1pGR,LP_7,0.342481,0.190915
O1pGR,LP_9,0.478743,0.137782
XhsN0o,HN_1,-0.927356,0.042202
XhsN0o,HN_2_H,-0.622297,0.093866
XhsN0o,HN_2_L,-0.229363,-0.15109
XhsN0o,HN_3_H,-0.612696,0.084285
XhsN0o,HN_3_L,-0.13593,-0.145824
XhsN0o,HN_4,-0.539122,0.099809
XhsN0o,HN_5,-0.628259,0.063276
XhsN0o,HN_6,-0.812599,0.018496
XhsN0o,HN_7,-0.658882,-0.037352
XhsN0o,HN_9,-0.662823,0.027836
XhsN0o,HP_1_H,0.355086,0.133774
XhsN0o,HP_1_L,0.447963,-0.044202
XhsN0o,HP_2,0.549683,0.091244
XhsN0o,HP_3_H,0.489298,0.126487
XhsN0o,HP_3_L,0.350487,-0.088218
XhsN0o,HP_4,0.445082,0.101349
XhsN0o,HP_5,0.360139,0.112842
XhsN0o,HP_6,0.430529,0.116819
XhsN0o,HP_7_H,0.473784,0.122532
XhsN0o,HP_7_L,0.485609,-0.046824
XhsN0o,HP_9,0.509712,-0.042268
XhsN0o,LN_1,-0.046691,-0.182488
XhsN0o,LN_2,-0.436644,-0.135085
XhsN0o,LN_3,-0.954289,0.023204
XhsN0o,LN_4,-0.365192,-0.155482
XhsN0o,LN_5,-0.126026,-0.150871
XhsN0o,LN_6,-0.193738,-0.161272
XhsN0o,LN_7_N,-0.487731,-0.151046
XhsN0o,LN_7_P,0.109148,-0.12132
XhsN0o,LN_9,-0.388891,-0.142776
XhsN0o,LP_1,0.489196,0.111367
XhsN0o,LP_2,0.494351,0.10892
XhsN0o,LP_3,0.56459,0.006784
XhsN0o,LP_4,0.503396,0.092861
XhsN0o,LP_5,0.529521,0.104124
XhsN0o,LP_6,0.32037,-0.135609
XhsN0o,LP_7,0.383939,0.121768
XhsN0o,LP_9,0.536696,0.087879
kH4Dd,HN_1,-0.537475,0.073362
kH4Dd,HN_2_H,-0.360669,0.16317
kH4Dd,HN_2_L,-0.132934,-0.262644
kH4Dd,HN_3_H,-0.355105,0.146515
kH4Dd,HN_3_L,-0.078782,-0.25349
kH4Dd,HN_4,-0.312463,0.173501
kH4Dd,HN_5,-0.364125,0.109995
kH4Dd,HN_6,-0.470964,0.032152
kH4Dd,HN_7,-0.381873,-0.06493
kH4Dd,HN_9,-0.384157,0.048389
kH4Dd,HP_1_H,0.2058,0.232543
kH4Dd,HP_1_L,0.259629,-0.076837
kH4Dd,HP_2,0.318584,0.158612
kH4Dd,HP_3_H,0.283586,0.219876
kH4Dd,HP_3_L,0.203134,-0.153351
kH4Dd,HP_4,0.25796,0.176178
kH4Dd,HP_5,0.208728,0.196157
kH4Dd,HP_6,0.249525,0.203069
kH4Dd,HP_7_H,0.274595,0.213002
kH4Dd,HP_7_L,0.281448,-0.081395
kH4Dd,HP_9,0.295418,-0.073476
kH4Dd,LN_1,-0.027061,-0.317223
kH4Dd,LN_2,-0.253069,-0.234822
kH4Dd,LN_3,-0.553085,0.040337
kH4Dd,LN_4,-0.211657,-0.270278
kH4Dd,LN_5,-0.073042,-0.262264
kH4Dd,LN_6,-0.112286,-0.280343
kH4Dd,LN_7_N,-0.282678,-0.262568
kH4Dd,LN_7_P,0.06326,-0.210894
kH4Dd,LN_9,-0.225393,-0.248192
kH4Dd,LP_1,0.283527,0.193593
kH4Dd,LP_2,0.286515,0.189339
kH4Dd,LP_3,0.327223,0.011793
kH4Dd,LP_4,0.291757,0.161422
kH4Dd,LP_5,0.306898,0.181002
kH4Dd,LP_6,0.185679,-0.235734
kH4Dd,LP_7,0.222522,0.211672
kH4Dd,LP_9,0.311057,0.152763
GHft8,HN_1,-0.827219,0.073797
GHft8,HN_2_H,-0.5551,0.164138
GHft8,HN_2_L,-0.204596,-0.264202
GHft8,HN_3_H,-0.546536,0.147384
GHft8,HN_3_L,-0.121252,-0.254994
GHft8,HN_4,-0.480907,0.17453
GHft8,HN_5,-0.560419,0.110648
GHft8,HN_6,-0.724853,0.032342
GHft8,HN_7,-0.587735,-0.065315
GHft8,HN_9,-0.591251,0.048676
GHft8,HP_1_H,0.316743,0.233923
GHft8,HP_1_L,0.399591,-0.077293
GHft8,HP_2,0.490327,0.159553
GHft8,HP_3_H,0.436463,0.221181
GHft8,HP_3_L,0.312641,-0.154261
GHft8,HP_4,0.397022,0.177224
GHft8,HP_5,0.321251,0.197321
GHft8,HP_6,0.38404,0.204274
GHft8,HP_7_H,0.422625,0.214265
GHft8,HP_7_L,0.433172,-0.081878
GHft8,HP_9,0.454673,-0.073912
GHft8,LN_1,-0.041649,-0.319106
GHft8,LN_2,-0.389494,-0.236215
GHft8,LN_3,-0.851244,0.040576
GHft8,LN_4,-0.325758,-0.271882
GHft8,LN_5,-0.112417,-0.26382
GHft8,LN_6,-0.172818,-0.282007
GHft8,LN_7_N,-0.435065,-0.264126
GHft8,LN_7_P,0.097362,-0.212145
GHft8,LN_9,-0.346898,-0.249664
GHft8,LP_1,0.436372,0.194742
GHft8,LP_2,0.44097,0.190462
GHft8,LP_3,0.503625,0.011863
GHft8,LP_4,0.449039,0.16238
GHft8,LP_5,0.472342,0.182076
GHft8,LP_6,0.285776,-0.237132
GHft8,LP_7,0.342481,0.212928
GHft8,LP_9,0.478743,0.153669
WYuvqk,HN_1,-0.292901,0.046922
WYuvqk,HN_2_H,-0.196549,0.104363
WYuvqk,HN_2_L,-0.072443,-0.167987
WYuvqk,HN_3_H,-0.193517,0.093711
WYuvqk,HN_3_L,-0.042933,-0.162132
WYuvqk,HN_4,-0.170279,0.110971
WYuvqk,HN_5,-0.198433,0.070353
WYuvqk,HN_6,-0.256655,0.020564
WYuvqk,HN_7,-0.208105,-0.041529
WYuvqk,HN_9,-0.209349,0.030949
WYuvqk,HP_1_H,0.112152,0.148735
WYuvqk,HP_1_L,0.141487,-0.049145
WYuvqk,HP_2,0.173615,0.101448
WYuvqk,HP_3_H,0.154542,0.140633
WYuvqk,HP_3_L,0.1107,-0.098084
WYuvqk,HP_4,0.140577,0.112684
WYuvqk,HP_5,0.113748,0.125462
WYuvqk,HP_6,0.135981,0.129883
WYuvqk,HP_7_H,0.149642,0.136236
WYuvqk,HP_7_L,0.153377,-0.05206
WYuvqk,HP_9,0.16099,-0.046995
WYuvqk,LN_1,-0.014747,-0.202896
WYuvqk,LN_2,-0.137912,-0.150192
WYuvqk,LN_3,-0.301408,0.025799
WYuvqk,LN_4,-0.115344,-0.17287
WYuvqk,LN_5,-0.039805,-0.167744
WYuvqk,LN_6,-0.061191,-0.179308
WYuvqk,LN_7_N,-0.154047,-0.167938
WYuvqk,LN_7_P,0.034474,-0.134888
WYuvqk,LN_9,-0.122829,-0.158743
WYuvqk,LP_1,0.15451,0.123822
WYuvqk,LP_2,0.156138,0.121101
WYuvqk,LP_3,0.178323,0.007543
WYuvqk,LP_4,0.158995,0.103246
WYuvqk,LP_5,0.167247,0.115769
WYuvqk,LP_6,0.101187,-0.150775
WYuvqk,LP_7,0.121265,0.135386
WYuvqk,LP_9,0.169513,0.097707
XPI3pA,HN_1,-0.82428,0.087017
XPI3pA,HN_2_H,-0.553128,0.193541
XPI3pA,HN_2_L,-0.203869,-0.311531
XPI3pA,HN_3_H,-0.544594,0.173786
XPI3pA,HN_3_L,-0.120821,-0.300673
XPI3pA,HN_4,-0.479198,0.205795
XPI3pA,HN_5,-0.558428,0.130469
XPI3pA,HN_6,-0.722278,0.038136
XPI3pA,HN_7,-0.585647,-0.077015
XPI3pA,HN_9,-0.58915,0.057396
XPI3pA,HP_1_H,0.315618,0.275827
XPI3pA,HP_1_L,0.398172,-0.091139
XPI3pA,HP_2,0.488585,0.188135
XPI3pA,HP_3_H,0.434912,0.260803
XPI3pA,HP_3_L,0.31153,-0.181895
XPI3pA,HP_4,0.395611,0.208971
XPI3pA,HP_5,0.320109,0.232668
XPI3pA,HP_6,0.382676,0.240867
XPI3pA,HP_7_H,0.421123,0.252648
XPI3pA,HP_7_L,0.431633,-0.096545
XPI3pA,HP_9,0.453058,-0.087152
XPI3pA,LN_1,-0.041501,-0.376269
XPI3pA,LN_2,-0.388111,-0.27853
XPI3pA,LN_3,-0.84822,0.047845
XPI3pA,LN_4,-0.324601,-0.320586
XPI3pA,LN_5,-0.112018,-0.31108
XPI3pA,LN_6,-0.172204,-0.332525
XPI3pA,LN_7_N,-0.43352,-0.31144
XPI3pA,LN_7_P,0.097016,-0.250148
XPI3pA,LN_9,-0.345666,-0.294388
XPI3pA,LP_1,0.434822,0.229627
XPI3pA,LP_2,0.439404,0.224581
XPI3pA,LP_3,0.501835,0.013988
XPI3pA,LP_4,0.447443,0.191469
XPI3pA,LP_5,0.470664,0.214693
XPI3pA,LP_6,0.284761,-0.279612
XPI3pA,LP_7,0.341264,0.251072
XPI3pA,LP_9,0.477042,0.181197
h2yD5h,HN_1,-0.726102,0.064976
h2yD5h,HN_2_H,-0.487247,0.144519
h2yD5h,HN_2_L,-0.179587,-0.232623
h2yD5h,HN_3_H,-0.479729,0.129767
h2yD5h,HN_3_L,-0.106431,-0.224515
h2yD5h,HN_4,-0.422122,0.153669
h2yD5h,HN_5,-0.491915,0.097422
h2yD5h,HN_6,-0.63625,0.028477
h2yD5h,HN_7,-0.515892,-0.057508
h2yD5h,HN_9,-0.518978,0.042858
h2yD5h,HP_1_H,0.278025,0.205963
h2yD5h,HP_1_L,0.350746,-0.068054
h2yD5h,HP_2,0.430391,0.140482
h2yD5h,HP_3_H,0.383111,0.194744
h2yD5h,HP_3_L,0.274425,-0.135823
h2yD5h,HP_4,0.348491,0.15604
h2yD5h,HP_5,0.281982,0.173735
h2yD5h,HP_6,0.337096,0.179858
h2yD5h,HP_7_H,0.370964,0.188655
h2yD5h,HP_7_L,0.380223,-0.072091
h2yD5h,HP_9,0.399095,-0.065077
h2yD5h,LN_1,-0.036558,-0.280964
h2yD5h,LN_2,-0.341884,-0.207981
h2yD5h,LN_3,-0.747191,0.035726
h2yD5h,LN_4,-0.285938,-0.239384
h2yD5h,LN_5,-0.098676,-0.232286
h2yD5h,LN_6,-0.151693,-0.248299
h2yD5h,LN_7_N,-0.381884,-0.232555
h2yD5h,LN_7_P,0.085461,-0.186788
h2yD5h,LN_9,-0.304495,-0.219822
h2yD5h,LP_1,0.383032,0.171465
h2yD5h,LP_2,0.387067,0.167697
h2yD5h,LP_3,0.442063,0.010445
h2yD5h,LP_4,0.39415,0.142971
h2yD5h,LP_5,0.414605,0.160313
h2yD5h,LP_6,0.250844,-0.208788
h2yD5h,LP_7,0.300617,0.187477
h2yD5h,LP_9,0.420223,0.135301
7yqP3,HN_1,-0.34765,0.053956
7yqP3,HN_2_H,-0.233288,0.120008
7yqP3,HN_2_L,-0.085984,-0.193169
7yqP3,HN_3_H,-0.229689,0.107758
7yqP3,HN_3_L,-0.050958,-0.186436
7yqP3,HN_4,-0.202107,0.127606
7yqP3,HN_5,-0.235524,0.080899
7yqP3,HN_6,-0.304629,0.023647
7yqP3,HN_7,-0.247003,-0.047754
7yqP3,HN_9,-0.248481,0.035589
7yqP3,HP_1_H,0.133115,0.17103
7yqP3,HP_1_L,0.167933,-0.056512
7yqP3,HP_2,0.206067,0.116655
7yqP3,HP_3_H,0.183429,0.161714
7yqP3,HP_3_L,0.131392,-0.112786
7yqP3,HP_4,0.166854,0.129575
7yqP3,HP_5,0.13501,0.144269
7yqP3,HP_6,0.161398,0.149353
7yqP3,HP_7_H,0.177614,0.156658
7yqP3,HP_7_L,0.182046,-0.059864
7yqP3,HP_9,0.191082,-0.05404
7yqP3,LN_1,-0.017504,-0.233311
7yqP3,LN_2,-0.16369,-0.172706
7yqP3,LN_3,-0.357747,0.029667
7yqP3,LN_4,-0.136904,-0.198784
7yqP3,LN_5,-0.047245,-0.192889
7yqP3,LN_6,-0.072629,-0.206186
7yqP3,LN_7_N,-0.182842,-0.193113
7yqP3,LN_7_P,0.040918,-0.155108
7yqP3,LN_9,-0.145789,-0.182539
7yqP3,LP_1,0.183391,0.142383
7yqP3,LP_2,0.185323,0.139255
7yqP3,LP_3,0.211655,0.008674
7yqP3,LP_4,0.188714,0.118723
7yqP3,LP_5,0.198508,0.133123
7yqP3,LP_6,0.120101,-0.173377
7yqP3,LP_7,0.143932,0.15568
7yqP3,LP_9,0.201198,0.112353
G5XzoP,HN_1,-0.56142,0.079823
G5XzoP,HN_2_H,-0.376738,0.17754
G5XzoP,HN_2_L,-0.138856,-0.285775
G5XzoP,HN_3_H,-0.370925,0.159418
G5XzoP,HN_3_L,-0.082292,-0.275815
G5XzoP,HN_4,-0.326384,0.188781
G5XzoP,HN_5,-0.380348,0.119682
G5XzoP,HN_6,-0.491947,0.034983
G5XzoP,HN_7,-0.398886,-0.070648
G5XzoP,HN_9,-0.401272,0.05265
G5XzoP,HP_1_H,0.214968,0.253023
G5XzoP,HP_1_L,0.271196,-0.083604
G5XzoP,HP_2,0.332777,0.172581
G5XzoP,HP_3_H,0.29622,0.239241
G5XzoP,HP_3_L,0.212185,-0.166857
G5XzoP,HP_4,0.269452,0.191694
G5XzoP,HP_5,0.218028,0.213432
G5XzoP,HP_6,0.260642,0.220954
G5XzoP,HP_7_H,0.286829,0.231761
G5XzoP,HP_7_L,0.293987,-0.088563
G5XzoP,HP_9,0.308579,-0.079947
G5XzoP,LN_1,-0.028267,-0.345161
G5XzoP,LN_2,-0.264344,-0.255503
G5XzoP,LN_3,-0.577726,0.043889
G5XzoP,LN_4,-0.221087,-0.294081
G5XzoP,LN_5,-0.076296,-0.285361
G5XzoP,LN_6,-0.117289,-0.305033
G5XzoP,LN_7_N,-0.295272,-0.285692
G5XzoP,LN_7_P,0.066078,-0.229467
G5XzoP,LN_9,-0.235434,-0.27005
G5XzoP,LP_1,0.296159,0.210643
G5XzoP,LP_2,0.299279,0.206014
G5XzoP,LP_3,0.341802,0.012832
G5XzoP,LP_4,0.304755,0.175639
G5XzoP,LP_5,0.320571,0.196943
G5XzoP,LP_6,0.193952,-0.256495
G5XzoP,LP_7,0.232436,0.230314
G5XzoP,LP_9,0.324915,0.166216
Gax8,HN_1,-0.552713,0.086834
Gax8,HN_2_H,-0.370895,0.193133
Gax8,HN_2_L,-0.136702,-0.310874
Gax8,HN_3_H,-0.365172,0.17342
Gax8,HN_3_L,-0.081016,-0.30004
Gax8,HN_4,-0.321322,0.205361
Gax8,HN_5,-0.374449,0.130194
Gax8,HN_6,-0.484317,0.038056
Gax8,HN_7,-0.3927,-0.076853
Gax8,HN_9,-0.395049,0.057275
Gax8,HP_1_H,0.211634,0.275246
Gax8,HP_1_L,0.26699,-0.090947
Gax8,HP_2,0.327616,0.187738
Gax8,HP_3_H,0.291626,0.260253
Gax8,HP_3_L,0.208894,-0.181512
Gax8,HP_4,0.265273,0.208531
Gax8,HP_5,0.214646,0.232178
Gax8,HP_6,0.2566,0.24036
Gax8,HP_7_H,0.28238,0.252116
Gax8,HP_7_L,0.289427,-0.096342
Gax8,HP_9,0.303793,-0.086968
Gax8,LN_1,-0.027828,-0.375477
Gax8,LN_2,-0.260244,-0.277944
Gax8,LN_3,-0.568765,0.047744
Gax8,LN_4,-0.217658,-0.319911
Gax8,LN_5,-0.075113,-0.310425
Gax8,LN_6,-0.11547,-0.331824
Gax8,LN_7_N,-0.290692,-0.310784
Gax8,LN_7_P,0.065053,-0.249621
Gax8,LN_9,-0.231783,-0.293768
Gax8,LP_1,0.291566,0.229143
Gax8,LP_2,0.294638,0.224108
Gax8,LP_3,0.336501,0.013959
Gax8,LP_4,0.300029,0.191065
Gax8,LP_5,0.315599,0.21424
Gax8,LP_6,0.190944,-0.279023
Gax8,LP_7,0.228831,0.250543
Gax8,LP_9,0.319876,0.180815
NMy2s,HN_1,-0.838321,0.088208
NMy2s,HN_2_H,-0.56255,0.196191
NMy2s,HN_2_L,-0.207342,-0.315796
NMy2s,HN_3_H,-0.553871,0.176165
NMy2s,HN_3_L,-0.122879,-0.30479
NMy2s,HN_4,-0.487361,0.208613
NMy2s,HN_5,-0.567941,0.132255
NMy2s,HN_6,-0.734582,0.038658
NMy2s,HN_7,-0.595623,-0.07807
NMy2s,HN_9,-0.599186,0.058181
NMy2s,HP_1_H,0.320994,0.279604
NMy2s,HP_1_L,0.404954,-0.092387
NMy2s,HP_2,0.496908,0.190711
NMy2s,HP_3_H,0.44232,0.264373
NMy2s,HP_3_L,0.316837,-0.184386
NMy2s,HP_4,0.40235,0.211832
NMy2s,HP_5,0.325562,0.235854
NMy2s,HP_6,0.389194,0.244165
NMy2s,HP_7_H,0.428297,0.256107
NMy2s,HP_7_L,0.438986,-0.097867
NMy2s,HP_9,0.460775,-0.088345
NMy2s,LN_1,-0.042208,-0.381421
NMy2s,LN_2,-0.394722,-0.282344
NMy2s,LN_3,-0.862669,0.0485
NMy2s,LN_4,-0.33013,-0.324975
NMy2s,LN_5,-0.113926,-0.315339
NMy2s,LN_6,-0.175137,-0.337077
NMy2s,LN_7_N,-0.440904,-0.315705
NMy2s,LN_7_P,0.098669,-0.253573
NMy2s,LN_9,-0.351554,-0.298419
NMy2s,LP_1,0.442229,0.232771
NMy2s,LP_2,0.446888,0.227656
NMy2s,LP_3,0.510384,0.01418
NMy2s,LP_4,0.455065,0.19409
NMy2s,LP_5,0.478682,0.217632
NMy2s,LP_6,0.289612,-0.28344
NMy2s,LP_7,0.347077,0.254509
NMy2s,LP_9,0.485168,0.183678
Xd3foP9,HN_1,-0.628578,0.085688
Xd3foP9,HN_2_H,-0.421803,0.190585
Xd3foP9,HN_2_L,-0.155466,-0.306773
Xd3foP9,HN_3_H,-0.415296,0.171132
Xd3foP9,HN_3_L,-0.092136,-0.296082
Xd3foP9,HN_4,-0.365426,0.202652
Xd3foP9,HN_5,-0.425845,0.128476
Xd3foP9,HN_6,-0.550793,0.037554
Xd3foP9,HN_7,-0.446601,-0.075839
Xd3foP9,HN_9,-0.449273,0.056519
Xd3foP9,HP_1_H,0.240683,0.271615
Xd3foP9,HP_1_L,0.303637,-0.089747
Xd3foP9,HP_2,0.372584,0.185262
Xd3foP9,HP_3_H,0.331654,0.25682
Xd3foP9,HP_3_L,0.237566,-0.179117
Xd3foP9,HP_4,0.301684,0.20578
Xd3foP9,HP_5,0.244108,0.229115
Xd3foP9,HP_6,0.29182,0.237189
Xd3foP9,HP_7_H,0.321139,0.24879
Xd3foP9,HP_7_L,0.329154,-0.095071
Xd3foP9,HP_9,0.345492,-0.085821
Xd3foP9,LN_1,-0.031648,-0.370523
Xd3foP9,LN_2,-0.295964,-0.274277
Xd3foP9,LN_3,-0.646833,0.047114
Xd3foP9,LN_4,-0.247533,-0.31569
Xd3foP9,LN_5,-0.085422,-0.306329
Xd3foP9,LN_6,-0.131319,-0.327446
Xd3foP9,LN_7_N,-0.330592,-0.306684
Xd3foP9,LN_7_P,0.073983,-0.246328
Xd3foP9,LN_9,-0.263597,-0.289893
Xd3foP9,LP_1,0.331586,0.22612
Xd3foP9,LP_2,0.335079,0.221152
Xd3foP9,LP_3,0.382688,0.013775
Xd3foP9,LP_4,0.34121,0.188545
Xd3foP9,LP_5,0.358918,0.211414
Xd3foP9,LP_6,0.217152,-0.275342
Xd3foP9,LP_7,0.26024,0.247237
Xd3foP9,LP_9,0.363782,0.17843
gf5X,HN_1,-0.502427,0.075492
gf5X,HN_2_H,-0.33715,0.167909
gf5X,HN_2_L,-0.124265,-0.270272
gf5X,HN_3_H,-0.331949,0.15077
gf5X,HN_3_L,-0.073645,-0.260853
gf5X,HN_4,-0.292088,0.17854
gf5X,HN_5,-0.340381,0.11319
gf5X,HN_6,-0.440253,0.033085
gf5X,HN_7,-0.356972,-0.066816
gf5X,HN_9,-0.359107,0.049794
gf5X,HP_1_H,0.19238,0.239297
gf5X,HP_1_L,0.242699,-0.079069
gf5X,HP_2,0.297809,0.163219
gf5X,HP_3_H,0.265094,0.226262
gf5X,HP_3_L,0.189888,-0.157805
gf5X,HP_4,0.241139,0.181295
gf5X,HP_5,0.195117,0.201854
gf5X,HP_6,0.233254,0.208967
gf5X,HP_7_H,0.256689,0.219188
gf5X,HP_7_L,0.263095,-0.083759
gf5X,HP_9,0.276154,-0.07561
gf5X,LN_1,-0.025297,-0.326437
gf5X,LN_2,-0.236567,-0.241642
gf5X,LN_3,-0.517019,0.041508
gf5X,LN_4,-0.197855,-0.278128
gf5X,LN_5,-0.068279,-0.269881
gf5X,LN_6,-0.104964,-0.288486
gf5X,LN_7_N,-0.264245,-0.270194
gf5X,LN_7_P,0.059135,-0.217019
gf5X,LN_9,-0.210695,-0.2554
gf5X,LP_1,0.265039,0.199216
gf5X,LP_2,0.267831,0.194838
gf5X,LP_3,0.305886,0.012136
gf5X,LP_4,0.272732,0.166111
gf5X,LP_5,0.286886,0.186259
gf5X,LP_6,0.173572,-0.24258
gf5X,LP_7,0.208012,0.21782
gf5X,LP_9,0.290773,0.157199
A5feTy,HN_1,-0.35614,0.079342
A5feTy,HN_2_H,-0.238985,0.17647
A5feTy,HN_2_L,-0.088084,-0.284052
A5feTy,HN_3_H,-0.235298,0.158457
A5feTy,HN_3_L,-0.052202,-0.274152
A5feTy,HN_4,-0.207043,0.187643
A5feTy,HN_5,-0.241275,0.118961
A5feTy,HN_6,-0.312068,0.034772
A5feTy,HN_7,-0.253035,-0.070222
A5feTy,HN_9,-0.254549,0.052333
A5feTy,HP_1_H,0.136366,0.251498
A5feTy,HP_1_L,0.172035,-0.0831
A5feTy,HP_2,0.211099,0.17154
A5feTy,HP_3_H,0.187909,0.237799
A5feTy,HP_3_L,0.1346,-0.165851
A5feTy,HP_4,0.170928,0.190539
A5feTy,HP_5,0.138307,0.212146
A5feTy,HP_6,0.165339,0.219622
A5feTy,HP_7_H,0.181951,0.230364
A5feTy,HP_7_L,0.186492,-0.088029
A5feTy,HP_9,0.195749,-0.079465
A5feTy,LN_1,-0.017931,-0.343081
A5feTy,LN_2,-0.167688,-0.253963
A5feTy,LN_3,-0.366483,0.043625
A5feTy,LN_4,-0.140247,-0.292309
A5feTy,LN_5,-0.048399,-0.283641
A5feTy,LN_6,-0.074403,-0.303194
A5feTy,LN_7_N,-0.187307,-0.28397
A5feTy,LN_7_P,0.041917,-0.228084
A5feTy,LN_9,-0.149349,-0.268422
A5feTy,LP_1,0.18787,0.209373
A5feTy,LP_2,0.189849,0.204772
A5feTy,LP_3,0.216824,0.012755
A5feTy,LP_4,0.193323,0.17458
A5feTy,LP_5,0.203356,0.195756
A5feTy,LP_6,0.123034,-0.254949
A5feTy,LP_7,0.147447,0.228926
A5feTy,LP_9,0.206111,0.165214
Bs73,HN_1,-0.410671,0.118955
Bs73,HN_2_H,-0.275578,0.264577
Bs73,HN_2_L,-0.101571,-0.425873
Bs73,HN_3_H,-0.271326,0.237571
Bs73,HN_3_L,-0.060195,-0.411031
Bs73,HN_4,-0.238745,0.281329
Bs73,HN_5,-0.278219,0.178356
Bs73,HN_6,-0.359852,0.052133
Bs73,HN_7,-0.291779,-0.105283
Bs73,HN_9,-0.293525,0.078462
Bs73,HP_1_H,0.157246,0.377066
Bs73,HP_1_L,0.198376,-0.12459
Bs73,HP_2,0.243422,0.257187
Bs73,HP_3_H,0.216681,0.356526
Bs73,HP_3_L,0.15521,-0.248657
Bs73,HP_4,0.1971,0.285671
Bs73,HP_5,0.159484,0.318065
Bs73,HP_6,0.190656,0.329274
Bs73,HP_7_H,0.209811,0.345379
Bs73,HP_7_L,0.215047,-0.131981
Bs73,HP_9,0.225721,-0.11914
Bs73,LN_1,-0.020677,-0.514374
Bs73,LN_2,-0.193363,-0.380761
Bs73,LN_3,-0.422598,0.065405
Bs73,LN_4,-0.161722,-0.438252
Bs73,LN_5,-0.055809,-0.425257
Bs73,LN_6,-0.085795,-0.454573
Bs73,LN_7_N,-0.215987,-0.42575
Bs73,LN_7_P,0.048335,-0.341961
Bs73,LN_9,-0.172217,-0.402439
Bs73,LP_1,0.216636,0.313908
Bs73,LP_2,0.218918,0.307011
Bs73,LP_3,0.250023,0.019123
Bs73,LP_4,0.222924,0.261744
Bs73,LP_5,0.234493,0.293492
Bs73,LP_6,0.141873,-0.382239
Bs73,LP_7,0.170024,0.343224
Bs73,LP_9,0.237671,0.247702
CVgs2,HN_1,-0.801096,0.065686
CVgs2,HN_2_H,-0.537571,0.146098
CVgs2,HN_2_L,-0.198135,-0.235165
CVgs2,HN_3_H,-0.529277,0.131186
CVgs2,HN_3_L,-0.117423,-0.226969
CVgs2,HN_4,-0.46572,0.155349
CVgs2,HN_5,-0.542722,0.098487
CVgs2,HN_6,-0.701963,0.028788
CVgs2,HN_7,-0.569175,-0.058137
CVgs2,HN_9,-0.57258,0.043326
CVgs2,HP_1_H,0.306741,0.208214
CVgs2,HP_1_L,0.386972,-0.068798
CVgs2,HP_2,0.474843,0.142017
CVgs2,HP_3_H,0.42268,0.196872
CVgs2,HP_3_L,0.302768,-0.137307
CVgs2,HP_4,0.384484,0.157746
CVgs2,HP_5,0.311106,0.175634
CVgs2,HP_6,0.371913,0.181824
CVgs2,HP_7_H,0.409278,0.190717
CVgs2,HP_7_L,0.419493,-0.072879
CVgs2,HP_9,0.440315,-0.065788
CVgs2,LN_1,-0.040334,-0.284035
CVgs2,LN_2,-0.377194,-0.210255
CVgs2,LN_3,-0.824363,0.036117
CVgs2,LN_4,-0.315471,-0.242001
CVgs2,LN_5,-0.108867,-0.234825
CVgs2,LN_6,-0.167361,-0.251013
CVgs2,LN_7_N,-0.421326,-0.235097
CVgs2,LN_7_P,0.094288,-0.188829
CVgs2,LN_9,-0.335944,-0.222225
CVgs2,LP_1,0.422592,0.173339
CVgs2,LP_2,0.427045,0.16953
CVgs2,LP_3,0.487721,0.010559
CVgs2,LP_4,0.434858,0.144534
CVgs2,LP_5,0.457426,0.162065
CVgs2,LP_6,0.276752,-0.211071
CVgs2,LP_7,0.331666,0.189527
CVgs2,LP_9,0.463625,0.13678
Dwf5T,HN_1,-0.48044,0.067863
Dwf5T,HN_2_H,-0.322396,0.150939
Dwf5T,HN_2_L,-0.118827,-0.242958
Dwf5T,HN_3_H,-0.317422,0.135533
Dwf5T,HN_3_L,-0.070422,-0.23449
Dwf5T,HN_4,-0.279306,0.160496
Dwf5T,HN_5,-0.325486,0.101751
Dwf5T,HN_6,-0.420987,0.029742
Dwf5T,HN_7,-0.34135,-0.060063
Dwf5T,HN_9,-0.343392,0.044762
Dwf5T,HP_1_H,0.183961,0.215113
Dwf5T,HP_1_L,0.232078,-0.071078
Dwf5T,HP_2,0.284777,0.146723
Dwf5T,HP_3_H,0.253493,0.203396
Dwf5T,HP_3_L,0.181579,-0.141857
Dwf5T,HP_4,0.230586,0.162973
Dwf5T,HP_5,0.186579,0.181454
Dwf5T,HP_6,0.223047,0.187849
Dwf5T,HP_7_H,0.245456,0.197036
Dwf5T,HP_7_L,0.251582,-0.075294
Dwf5T,HP_9,0.264069,-0.067968
Dwf5T,LN_1,-0.02419,-0.293447
Dwf5T,LN_2,-0.226214,-0.217221
Dwf5T,LN_3,-0.494394,0.037313
Dwf5T,LN_4,-0.189197,-0.25002
Dwf5T,LN_5,-0.065291,-0.242606
Dwf5T,LN_6,-0.100371,-0.259331
Dwf5T,LN_7_N,-0.252681,-0.242887
Dwf5T,LN_7_P,0.056547,-0.195086
Dwf5T,LN_9,-0.201475,-0.229589
Dwf5T,LP_1,0.253441,0.179083
Dwf5T,LP_2,0.256111,0.175147
Dwf5T,LP_3,0.2925,0.010909
Dwf5T,LP_4,0.260797,0.149323
Dwf5T,LP_5,0.274332,0.167435
Dwf5T,LP_6,0.165976,-0.218065
Dwf5T,LP_7,0.198909,0.195807
Dwf5T,LP_9,0.278049,0.141313
ERqc8,HN_1,-0.666673,0.05753
ERqc8,HN_2_H,-0.447367,0.127957
ERqc8,HN_2_L,-0.164888,-0.205965
ERqc8,HN_3_H,-0.440465,0.114896
ERqc8,HN_3_L,-0.09772,-0.198786
ERqc8,HN_4,-0.387573,0.136059
ERqc8,HN_5,-0.451654,0.086258
ERqc8,HN_6,-0.584175,0.025213
ERqc8,HN_7,-0.473668,-0.050918
ERqc8,HN_9,-0.476501,0.037946
ERqc8,HP_1_H,0.25527,0.18236
ERqc8,HP_1_L,0.322039,-0.060255
ERqc8,HP_2,0.395165,0.124383
ERqc8,HP_3_H,0.351754,0.172426
ERqc8,HP_3_L,0.251964,-0.120258
ERqc8,HP_4,0.319968,0.138159
ERqc8,HP_5,0.258903,0.153826
ERqc8,HP_6,0.309506,0.159246
ERqc8,HP_7_H,0.340602,0.167035
ERqc8,HP_7_L,0.349103,-0.06383
ERqc8,HP_9,0.366431,-0.057619
ERqc8,LN_1,-0.033566,-0.248766
ERqc8,LN_2,-0.313902,-0.184147
ERqc8,LN_3,-0.686036,0.031632
ERqc8,LN_4,-0.262535,-0.211951
ERqc8,LN_5,-0.0906,-0.205667
ERqc8,LN_6,-0.139278,-0.219844
ERqc8,LN_7_N,-0.350628,-0.205905
ERqc8,LN_7_P,0.078466,-0.165382
ERqc8,LN_9,-0.279573,-0.194631
ERqc8,LP_1,0.351682,0.151815
ERqc8,LP_2,0.355387,0.148479
ERqc8,LP_3,0.405882,0.009248
ERqc8,LP_4,0.36189,0.126587
ERqc8,LP_5,0.380671,0.141941
ERqc8,LP_6,0.230313,-0.184862
ERqc8,LP_7,0.276013,0.165993
ERqc8,LP_9,0.385829,0.119796
G4dLl,HN_1,-0.926268,0.049855
G4dLl,HN_2_H,-0.621566,0.110886
G4dLl,HN_2_L,-0.229094,-0.178486
G4dLl,HN_3_H,-0.611977,0.099568
G4dLl,HN_3_L,-0.13577,-0.172266
G4dLl,HN_4,-0.538489,0.117907
G4dLl,HN_5,-0.627522,0.07475
G4dLl,HN_6,-0.811645,0.021849
G4dLl,HN_7,-0.658108,-0.044125
G4dLl,HN_9,-0.662045,0.032884
G4dLl,HP_1_H,0.354669,0.158031
G4dLl,HP_1_L,0.447437,-0.052217
G4dLl,HP_2,0.549038,0.107789
G4dLl,HP_3_H,0.488723,0.149422
G4dLl,HP_3_L,0.350076,-0.104214
G4dLl,HP_4,0.44456,0.119726
G4dLl,HP_5,0.359716,0.133303
G4dLl,HP_6,0.430024,0.138001
G4dLl,HP_7_H,0.473228,0.144751
G4dLl,HP_7_L,0.485039,-0.055314
G4dLl,HP_9,0.509114,-0.049932
G4dLl,LN_1,-0.046636,-0.215577
G4dLl,LN_2,-0.436131,-0.159579
G4dLl,LN_3,-0.953169,0.027412
G4dLl,LN_4,-0.364763,-0.183674
G4dLl,LN_5,-0.125878,-0.178228
G4dLl,LN_6,-0.193511,-0.190514
G4dLl,LN_7_N,-0.487159,-0.178435
G4dLl,LN_7_P,0.10902,-0.143318
G4dLl,LN_9,-0.388435,-0.168665
G4dLl,LP_1,0.488622,0.131561
G4dLl,LP_2,0.49377,0.12867
G4dLl,LP_3,0.563927,0.008014
G4dLl,LP_4,0.502805,0.109699
G4dLl,LP_5,0.528899,0.123004
G4dLl,LP_6,0.319994,-0.160199
G4dLl,LP_7,0.383489,0.143847
G4dLl,LP_9,0.536066,0.103814
Gr33d,HN_1,-0.629666,0.082503
Gr33d,HN_2_H,-0.422534,0.183502
Gr33d,HN_2_L,-0.155735,-0.295372
Gr33d,HN_3_H,-0.416015,0.164772
Gr33d,HN_3_L,-0.092295,-0.285077
Gr33d,HN_4,-0.366059,0.19512
Gr33d,HN_5,-0.426582,0.123702
Gr33d,HN_6,-0.551747,0.036158
Gr33d,HN_7,-0.447374,-0.073021
Gr33d,HN_9,-0.450051,0.054418
Gr33d,HP_1_H,0.2411,0.26152
Gr33d,HP_1_L,0.304162,-0.086412
Gr33d,HP_2,0.373229,0.178376
Gr33d,HP_3_H,0.332228,0.247275
Gr33d,HP_3_L,0.237978,-0.17246
Gr33d,HP_4,0.302207,0.198132
Gr33d,HP_5,0.244531,0.2206
Gr33d,HP_6,0.292325,0.228374
Gr33d,HP_7_H,0.321695,0.239544
Gr33d,HP_7_L,0.329724,-0.091537
Gr33d,HP_9,0.34609,-0.082631
Gr33d,LN_1,-0.031703,-0.356753
Gr33d,LN_2,-0.296477,-0.264083
Gr33d,LN_3,-0.647954,0.045363
Gr33d,LN_4,-0.247962,-0.303957
Gr33d,LN_5,-0.08557,-0.294945
Gr33d,LN_6,-0.131546,-0.315277
Gr33d,LN_7_N,-0.331165,-0.295286
Gr33d,LN_7_P,0.074111,-0.237173
Gr33d,LN_9,-0.264054,-0.279119
Gr33d,LP_1,0.33216,0.217716
Gr33d,LP_2,0.335659,0.212932
Gr33d,LP_3,0.383351,0.013263
Gr33d,LP_4,0.341801,0.181537
Gr33d,LP_5,0.35954,0.203557
Gr33d,LP_6,0.217528,-0.265108
Gr33d,LP_7,0.260691,0.238049
Gr33d,LP_9,0.364412,0.171798
Hx7dO,HN_1,-0.838865,0.061677
Hx7dO,HN_2_H,-0.562916,0.137181
Hx7dO,HN_2_L,-0.207477,-0.220811
Hx7dO,HN_3_H,-0.554231,0.123178
Hx7dO,HN_3_L,-0.122959,-0.213115
Hx7dO,HN_4,-0.487677,0.145866
Hx7dO,HN_5,-0.568309,0.092476
Hx7dO,HN_6,-0.735059,0.027031
Hx7dO,HN_7,-0.596009,-0.054588
Hx7dO,HN_9,-0.599575,0.040682
Hx7dO,HP_1_H,0.321202,0.195505
Hx7dO,HP_1_L,0.405217,-0.064599
Hx7dO,HP_2,0.497231,0.133349
Hx7dO,HP_3_H,0.442608,0.184855
Hx7dO,HP_3_L,0.317043,-0.128926
Hx7dO,HP_4,0.402612,0.148117
Hx7dO,HP_5,0.325773,0.164914
Hx7dO,HP_6,0.389447,0.170725
Hx7dO,HP_7_H,0.428575,0.179076
Hx7dO,HP_7_L,0.439271,-0.068431
Hx7dO,HP_9,0.461074,-0.061773
Hx7dO,LN_1,-0.042236,-0.266698
Hx7dO,LN_2,-0.394978,-0.197421
Hx7dO,LN_3,-0.863229,0.033912
Hx7dO,LN_4,-0.330344,-0.227229
Hx7dO,LN_5,-0.114,-0.220492
Hx7dO,LN_6,-0.175251,-0.235691
Hx7dO,LN_7_N,-0.441191,-0.220747
Hx7dO,LN_7_P,0.098733,-0.177303
Hx7dO,LN_9,-0.351782,-0.208661
Hx7dO,LP_1,0.442516,0.162758
Hx7dO,LP_2,0.447179,0.159182
Hx7dO,LP_3,0.510715,0.009915
Hx7dO,LP_4,0.455361,0.135712
Hx7dO,LP_5,0.478993,0.152173
Hx7dO,LP_6,0.2898,-0.198187
Hx7dO,LP_7,0.347303,0.177958
Hx7dO,LP_9,0.485483,0.128431
Kgh4P3,HN_1,-0.660904,0.073774
Kgh4P3,HN_2_H,-0.443496,0.164087
Kgh4P3,HN_2_L,-0.163461,-0.26412
Kgh4P3,HN_3_H,-0.436654,0.147338
Kgh4P3,HN_3_L,-0.096874,-0.254915
Kgh4P3,HN_4,-0.384219,0.174476
Kgh4P3,HN_5,-0.447745,0.110613
Kgh4P3,HN_6,-0.57912,0.032332
Kgh4P3,HN_7,-0.469569,-0.065295
Kgh4P3,HN_9,-0.472378,0.048661
Kgh4P3,HP_1_H,0.253061,0.23385
Kgh4P3,HP_1_L,0.319252,-0.077269
Kgh4P3,HP_2,0.391746,0.159503
Kgh4P3,HP_3_H,0.348711,0.221112
Kgh4P3,HP_3_L,0.249784,-0.154213
Kgh4P3,HP_4,0.3172,0.177169
Kgh4P3,HP_5,0.256662,0.197259
Kgh4P3,HP_6,0.306828,0.204211
Kgh4P3,HP_7_H,0.337655,0.214199
Kgh4P3,HP_7_L,0.346082,-0.081852
Kgh4P3,HP_9,0.36326,-0.073889
Kgh4P3,LN_1,-0.033276,-0.319007
Kgh4P3,LN_2,-0.311185,-0.236142
Kgh4P3,LN_3,-0.680099,0.040563
Kgh4P3,LN_4,-0.260264,-0.271797
Kgh4P3,LN_5,-0.089816,-0.263738
Kgh4P3,LN_6,-0.138073,-0.281919
Kgh4P3,LN_7_N,-0.347594,-0.264044
Kgh4P3,LN_7_P,0.077787,-0.212079
Kgh4P3,LN_9,-0.277153,-0.249587
Kgh4P3,LP_1,0.348639,0.194681
Kgh4P3,LP_2,0.352312,0.190403
Kgh4P3,LP_3,0.40237,0.01186
Kgh4P3,LP_4,0.358758,0.16233
Kgh4P3,LP_5,0.377377,0.182019
Kgh4P3,LP_6,0.22832,-0.237059
Kgh4P3,LP_7,0.273624,0.212862
Kgh4P3,LP_9,0.382491,0.153621
SI3pa2,HN_1,-0.734048,0.066488
SI3pa2,HN_2_H,-0.492579,0.147882
SI3pa2,HN_2_L,-0.181552,-0.238036
SI3pa2,HN_3_H,-0.484979,0.132787
SI3pa2,HN_3_L,-0.107595,-0.22974
SI3pa2,HN_4,-0.426741,0.157245
SI3pa2,HN_5,-0.497298,0.09969
SI3pa2,HN_6,-0.643212,0.029139
SI3pa2,HN_7,-0.521537,-0.058846
SI3pa2,HN_9,-0.524657,0.043855
SI3pa2,HP_1_H,0.281068,0.210756
SI3pa2,HP_1_L,0.354585,-0.069638
SI3pa2,HP_2,0.435101,0.143751
SI3pa2,HP_3_H,0.387303,0.199276
SI3pa2,HP_3_L,0.277428,-0.138984
SI3pa2,HP_4,0.352305,0.159672
SI3pa2,HP_5,0.285068,0.177778
SI3pa2,HP_6,0.340785,0.184044
SI3pa2,HP_7_H,0.375024,0.193045
SI3pa2,HP_7_L,0.384383,-0.073769
SI3pa2,HP_9,0.403462,-0.066592
SI3pa2,LN_1,-0.036958,-0.287502
SI3pa2,LN_2,-0.345625,-0.212821
SI3pa2,LN_3,-0.755367,0.036557
SI3pa2,LN_4,-0.289067,-0.244955
SI3pa2,LN_5,-0.099756,-0.237692
SI3pa2,LN_6,-0.153353,-0.254077
SI3pa2,LN_7_N,-0.386063,-0.237967
SI3pa2,LN_7_P,0.086396,-0.191135
SI3pa2,LN_9,-0.307827,-0.224938
SI3pa2,LP_1,0.387223,0.175455
SI3pa2,LP_2,0.391303,0.1716
SI3pa2,LP_3,0.446901,0.010688
SI3pa2,LP_4,0.398463,0.146298
SI3pa2,LP_5,0.419142,0.164044
SI3pa2,LP_6,0.253589,-0.213647
SI3pa2,LP_7,0.303907,0.19184
SI3pa2,LP_9,0.424821,0.13845
V9D5x,HN_1,-0.791083,0.04706
V9D5x,HN_2_H,-0.530851,0.104669
V9D5x,HN_2_L,-0.195658,-0.168479
V9D5x,HN_3_H,-0.522661,0.093985
V9D5x,HN_3_L,-0.115955,-0.162607
V9D5x,HN_4,-0.459899,0.111296
V9D5x,HN_5,-0.535938,0.070559
V9D5x,HN_6,-0.693189,0.020624
V9D5x,HN_7,-0.56206,-0.041651
V9D5x,HN_9,-0.565422,0.03104
V9D5x,HP_1_H,0.302906,0.14917
V9D5x,HP_1_L,0.382135,-0.049289
V9D5x,HP_2,0.468908,0.101745
V9D5x,HP_3_H,0.417396,0.141045
V9D5x,HP_3_L,0.298984,-0.098371
V9D5x,HP_4,0.379678,0.113014
V9D5x,HP_5,0.307217,0.125829
V9D5x,HP_6,0.367264,0.130264
V9D5x,HP_7_H,0.404163,0.136635
V9D5x,HP_7_L,0.414249,-0.052213
V9D5x,HP_9,0.434811,-0.047133
V9D5x,LN_1,-0.03983,-0.203491
V9D5x,LN_2,-0.37248,-0.150632
V9D5x,LN_3,-0.814058,0.025875
V9D5x,LN_4,-0.311528,-0.173376
V9D5x,LN_5,-0.107507,-0.168235
V9D5x,LN_6,-0.165269,-0.179833
V9D5x,LN_7_N,-0.41606,-0.16843
V9D5x,LN_7_P,0.093109,-0.135283
V9D5x,LN_9,-0.331744,-0.159209
V9D5x,LP_1,0.41731,0.124185
V9D5x,LP_2,0.421707,0.121456
V9D5x,LP_3,0.481624,0.007565
V9D5x,LP_4,0.429423,0.103548
V9D5x,LP_5,0.451709,0.116108
V9D5x,LP_6,0.273292,-0.151217
V9D5x,LP_7,0.32752,0.135782
V9D5x,LP_9,0.45783,0.097993
sop2d,HN_1,-0.670265,0.072079
sop2d,HN_2_H,-0.449777,0.160316
sop2d,HN_2_L,-0.165777,-0.25805
sop2d,HN_3_H,-0.442838,0.143952
sop2d,HN_3_L,-0.098246,-0.249057
sop2d,HN_4,-0.389661,0.170466
sop2d,HN_5,-0.454087,0.108071
sop2d,HN_6,-0.587322,0.031589
sop2d,HN_7,-0.47622,-0.063794
sop2d,HN_9,-0.479069,0.047542
sop2d,HP_1_H,0.256645,0.228476
sop2d,HP_1_L,0.323774,-0.075493
sop2d,HP_2,0.397294,0.155838
sop2d,HP_3_H,0.35365,0.216031
sop2d,HP_3_L,0.253322,-0.150669
sop2d,HP_4,0.321692,0.173097
sop2d,HP_5,0.260297,0.192726
sop2d,HP_6,0.311174,0.199518
sop2d,HP_7_H,0.342437,0.209276
sop2d,HP_7_L,0.350983,-0.079971
sop2d,HP_9,0.368405,-0.072191
sop2d,LN_1,-0.033747,-0.311676
sop2d,LN_2,-0.315593,-0.230715
sop2d,LN_3,-0.689732,0.039631
sop2d,LN_4,-0.26395,-0.265551
sop2d,LN_5,-0.091088,-0.257677
sop2d,LN_6,-0.140028,-0.27544
sop2d,LN_7_N,-0.352517,-0.257976
sop2d,LN_7_P,0.078889,-0.207205
sop2d,LN_9,-0.281079,-0.243851
sop2d,LP_1,0.353577,0.190207
sop2d,LP_2,0.357302,0.186028
sop2d,LP_3,0.408068,0.011587
sop2d,LP_4,0.363839,0.158599
sop2d,LP_5,0.382722,0.177836
sop2d,LP_6,0.231554,-0.231611
sop2d,LP_7,0.2775,0.20797
sop2d,LP_9,0.387908,0.150091
