sec,R_%,G_%,B_%,lux
0,0,0,0,0
1,0,0,10,0
2,0,0,20,1
3,0,0,30,1.5
4,0,0,40,2
5,0,0,50,3
6,0,0,60,4
7,0,0,65,5.5
8,0,0,70,7
9,0,0,75,8
,0,0,80,10
,0,0,85,12
,0,0,90,14
,0,0,95,18
10,0,0,100,18
11,0,10,0,0
12,0,10,10,0
13,0,10,20,0.5
14,0,10,30,1
15,0,10,40,1.5
16,0,10,50,3
17,0,10,60,4
18,0,10,70,7
19,0,10,80,10
20,0,10,90,15
21,0,10,100,19
22,0,20,0,1
23,0,20,10,1.25
24,0,20,20,1.5
25,0,20,30,1.75
26,0,20,40,2
27,0,20,50,3
28,0,20,60,5
29,0,20,70,7
30,0,20,80,11
31,0,20,90,15
32,0,20,100,19
33,0,30,0,1
34,0,30,10,1.5
35,0,30,20,2
36,0,30,30,2
37,0,30,40,3
38,0,30,50,4
39,0,30,60,6
40,0,30,70,8
41,0,30,80,11
42,0,30,90,16
43,0,30,100,20
44,0,40,0,3
45,0,40,10,3
46,0,40,20,3
47,0,40,30,3.5
48,0,40,40,4
49,0,40,50,5
50,0,40,60,7
51,0,40,70,10
52,0,40,80,13
53,0,40,90,18
54,0,40,100,21
55,0,50,0,5
56,0,50,10,5
57,0,50,20,5
58,0,50,30,6
59,0,50,40,6.5
60,0,50,50,8
61,0,50,60,9
62,0,50,70,12
63,0,50,80,15
64,0,50,90,19
65,0,50,100,22
66,0,60,0,8
67,0,60,10,8.33
68,0,60,20,8.66
69,0,60,30,9
70,0,60,40,10
71,0,60,50,11
72,0,60,60,13
73,0,60,65,14
74,0,60,70,15
75,0,60,75,17
,0,60,80,18
,0,60,85,21
,0,60,90,23
,0,60,95,26
76,0,60,100,26
,0,65,0,10
,0,65,60,15
,0,65,65,16
,0,65,70,17
,0,65,75,19
,0,65,80,21
,0,65,85,23
,0,65,90,25
,0,65,95,28
,0,65,100,28
77,0,70,0,13
78,0,70,10,13
79,0,70,20,14
80,0,70,30,14
81,0,70,40,15
82,0,70,50,16
83,0,70,60,17
84,0,70,65,18
85,0,70,70,20
86,0,70,75,21
,0,70,80,23
,0,70,85,25
,0,70,90,28
,0,70,95,31
87,0,70,100,31
,0,75,0,15
,0,75,60,20
,0,75,65,21
,0,75,70,22
,0,75,75,24
,0,75,80,26
,0,75,85,28
,0,75,90,30
,0,75,95,33
,0,75,100,33
88,0,80,0,18
89,0,80,10,18
90,0,80,20,18
91,0,80,30,19
92,0,80,40,19
93,0,80,50,21
94,0,80,60,23
95,0,80,65,24
96,0,80,70,25
97,0,80,75,27
,0,80,80,28
,0,80,85,31
,0,80,90,33
,0,80,95,36
98,0,80,100,36
,0,85,0,21
,0,85,60,27
,0,85,65,27
,0,85,70,29
,0,85,75,30
,0,85,80,32
,0,85,85,35
,0,85,90,37
,0,85,95,40
,0,85,100,40
99,0,90,0,26
100,0,90,10,26
101,0,90,20,26
102,0,90,30,27
103,0,90,40,27
104,0,90,50,29
105,0,90,60,31
106,0,90,65,32
107,0,90,70,33
108,0,90,75,35
,0,90,80,37
,0,90,85,39
,0,90,90,41
,0,90,95,44
109,0,90,100,44
,0,95,0,28
,0,95,60,33
,0,95,65,34
,0,95,70,36
,0,95,75,37
,0,95,80,39
,0,95,85,41
,0,95,90,43.5
,0,95,95,46
,0,95,100,46
110,0,100,0,28
111,0,100,10,28.5
112,0,100,20,29
113,0,100,30,29
114,0,100,40,30
115,0,100,50,31
116,0,100,60,33
117,0,100,65,34
118,0,100,70,35
119,0,100,75,37
,0,100,80,39
,0,100,85,41
,0,100,90,44
,0,100,95,46
120,0,100,100,46
121,10,0,0,1
122,10,0,10,1
123,10,0,20,1
124,10,0,30,1
125,10,0,40,2
126,10,0,50,3
127,10,0,60,5
128,10,0,70,7
129,10,0,80,11
130,10,0,90,15
131,10,0,100,18
132,10,10,0,1
133,10,10,10,1
134,10,10,20,1
135,10,10,30,2
136,10,10,40,2
137,10,10,50,3
138,10,10,60,5
139,10,10,70,7
140,10,10,80,11.5
141,10,10,90,15
142,10,10,100,18
143,10,20,0,1
144,10,20,10,1.25
145,10,20,20,1.5
146,10,20,30,2
147,10,20,40,2
148,10,20,50,3
149,10,20,60,5
150,10,20,70,7
151,10,20,80,11
152,10,20,90,15
153,10,20,100,18
154,10,30,0,2
155,10,30,10,2
156,10,30,20,2.33
157,10,30,30,2.66
158,10,30,40,3
159,10,30,50,4
160,10,30,60,6
161,10,30,70,9
162,10,30,80,12
163,10,30,90,16
164,10,30,100,19
165,10,40,0,3
166,10,40,10,3
167,10,40,20,3
168,10,40,30,3.5
169,10,40,40,4
170,10,40,50,5.5
171,10,40,60,7
172,10,40,70,10
173,10,40,80,13
174,10,40,90,17
175,10,40,100,21
176,10,50,0,5
177,10,50,10,5
178,10,50,20,5
179,10,50,30,6
180,10,50,40,7
181,10,50,50,8
182,10,50,60,10
183,10,50,70,12
184,10,50,80,15
185,10,50,90,19
186,10,50,100,23
187,10,60,0,8
188,10,60,10,8
189,10,60,20,9
190,10,60,30,9
191,10,60,40,10
192,10,60,50,11
193,10,60,60,13
194,10,60,70,15
195,10,60,80,19
196,10,60,90,23
197,10,60,100,26
198,10,70,0,13
199,10,70,10,13
200,10,70,20,13
201,10,70,30,13
202,10,70,40,14
203,10,70,50,15
204,10,70,60,17
205,10,70,70,20
206,10,70,80,23
207,10,70,90,28
208,10,70,100,31
209,10,80,0,18
210,10,80,10,18
211,10,80,20,18
212,10,80,30,19
213,10,80,40,19
214,10,80,50,21
215,10,80,60,23
216,10,80,70,25
217,10,80,80,29
218,10,80,90,33
219,10,80,100,36
220,10,90,0,26
221,10,90,10,26
222,10,90,20,26
223,10,90,30,27
224,10,90,40,29
225,10,90,50,30
226,10,90,60,31
227,10,90,70,33
228,10,90,80,37
229,10,90,90,41
230,10,90,100,44
231,10,100,0,29
232,10,100,10,29
233,10,100,20,29
234,10,100,30,29
235,10,100,40,30
236,10,100,50,31
237,10,100,60,33
238,10,100,70,36
239,10,100,80,39
240,10,100,90,43
241,10,100,100,46
242,20,0,0,1
243,20,0,10,1.25
244,20,0,20,1.5
245,20,0,30,1.75
246,20,0,40,2
247,20,0,50,3
248,20,0,60,5
249,20,0,70,7.5
250,20,0,80,11
251,20,0,90,15
252,20,0,100,18
253,20,10,0,1
254,20,10,10,1.25
255,20,10,20,1.5
256,20,10,30,1.75
257,20,10,40,2
258,20,10,50,3
259,20,10,60,5
260,20,10,70,7
261,20,10,80,11
262,20,10,90,15
263,20,10,100,18
264,20,20,0,1
265,20,20,10,1
266,20,20,20,1
267,20,20,30,2
268,20,20,40,2
269,20,20,50,3
270,20,20,60,5
271,20,20,70,8
272,20,20,80,11
273,20,20,90,15
274,20,20,100,18
275,20,30,0,2
276,20,30,10,2
277,20,30,20,2
278,20,30,30,3
279,20,30,40,3
280,20,30,50,4
281,20,30,60,6
282,20,30,70,8
283,20,30,80,12
284,20,30,90,16
285,20,30,100,19
286,20,40,0,3
287,20,40,10,3
288,20,40,20,3
289,20,40,30,4
290,20,40,40,4.5
291,20,40,50,6
292,20,40,60,8
293,20,40,70,10
294,20,40,80,13
295,20,40,90,18
296,20,40,100,21
297,20,50,0,5
298,20,50,10,5
299,20,50,20,5.5
300,20,50,30,6
301,20,50,40,7
302,20,50,50,8
303,20,50,60,10
304,20,50,70,12
305,20,50,80,16
306,20,50,90,20
307,20,50,100,23
308,20,60,0,8
309,20,60,10,9
310,20,60,20,10
311,20,60,30,10
312,20,60,40,10
313,20,60,50,11
314,20,60,60,13
315,20,60,70,15
316,20,60,80,19
317,20,60,90,23
318,20,60,100,26
319,20,70,0,13
320,20,70,10,13
321,20,70,20,13
322,20,70,30,14
323,20,70,40,15
324,20,70,50,16
325,20,70,60,18
326,20,70,70,20
327,20,70,80,24
328,20,70,90,28
329,20,70,100,31
330,20,80,0,18
331,20,80,10,19
332,20,80,20,19
333,20,80,30,19
334,20,80,40,20
335,20,80,50,21.5
336,20,80,60,23
337,20,80,70,26
338,20,80,80,29
339,20,80,90,33
340,20,80,100,37
341,20,90,0,27
342,20,90,10,27
343,20,90,20,27
344,20,90,30,27
345,20,90,40,28
346,20,90,50,29
347,20,90,60,31
348,20,90,70,34
349,20,90,80,38
350,20,90,90,42
351,20,90,100,45
352,20,100,0,29
353,20,100,10,29
354,20,100,20,29
355,20,100,30,30
356,20,100,40,31
357,20,100,50,32
358,20,100,60,34
359,20,100,70,36
360,20,100,80,40
361,20,100,90,44
362,20,100,100,47
363,30,0,0,1
364,30,0,10,1
365,30,0,20,1
366,30,0,30,2
367,30,0,40,2
368,30,0,50,3
369,30,0,60,5
370,30,0,70,8
371,30,0,80,11
372,30,0,90,15
373,30,0,100,18
374,30,10,0,1
375,30,10,10,1
376,30,10,20,1
377,30,10,30,1.5
378,30,10,40,2
379,30,10,50,3
380,30,10,60,5.5
381,30,10,70,8
382,30,10,80,11
383,30,10,90,15
384,30,10,100,18
385,30,20,0,1
386,30,20,10,1
387,30,20,20,1
388,30,20,30,2
389,30,20,40,3
390,30,20,50,4
391,30,20,60,6
392,30,20,70,8
393,30,20,80,11
394,30,20,90,16
395,30,20,100,19
396,30,30,0,2
397,30,30,10,2
398,30,30,20,2
399,30,30,30,3
400,30,30,40,3
401,30,30,50,5
402,30,30,60,7
403,30,30,70,9
404,30,30,80,12
405,30,30,90,16
406,30,30,100,20
407,30,40,0,3
408,30,40,10,3
409,30,40,20,4
410,30,40,30,4
411,30,40,40,5
412,30,40,50,6
413,30,40,60,8
414,30,40,70,10.5
415,30,40,80,14
416,30,40,90,18
417,30,40,100,21
418,30,50,0,6
419,30,50,10,6
420,30,50,20,6
421,30,50,30,6
422,30,50,40,7
423,30,50,50,8.5
424,30,50,60,11
425,30,50,70,13
426,30,50,80,16
427,30,50,90,20
428,30,50,100,23
429,30,60,0,9
430,30,60,10,9
431,30,60,20,9
432,30,60,30,10
433,30,60,40,11
434,30,60,50,12
435,30,60,60,13
436,30,60,70,16
437,30,60,80,19
438,30,60,90,23
439,30,60,100,27
440,30,70,0,13
441,30,70,10,14
442,30,70,20,14
443,30,70,30,15
444,30,70,40,15
445,30,70,50,16
446,30,70,60,18
447,30,70,70,21
448,30,70,80,24
449,30,70,90,28
450,30,70,100,31
451,30,80,0,19
452,30,80,10,19
453,30,80,20,19
454,30,80,30,20
455,30,80,40,20
456,30,80,50,21
457,30,80,60,23
458,30,80,70,26
459,30,80,80,30
460,30,80,90,34
461,30,80,100,37
462,30,90,0,27
463,30,90,10,27
464,30,90,20,27
465,30,90,30,28
466,30,90,40,29
467,30,90,50,30
468,30,90,60,31
469,30,90,70,34
470,30,90,80,37
471,30,90,90,42
472,30,90,100,45
473,30,100,0,29
474,30,100,10,29
475,30,100,20,30
476,30,100,30,30
477,30,100,40,31
478,30,100,50,32
479,30,100,60,34
480,30,100,70,36
481,30,100,80,40
482,30,100,90,44
483,30,100,100,47
484,40,0,0,2
485,40,0,10,2
486,40,0,20,2
487,40,0,30,2
488,40,0,40,3
489,40,0,50,4
490,40,0,60,6
491,40,0,70,8
492,40,0,80,12
493,40,0,90,16
494,40,0,100,19
495,40,10,0,2
496,40,10,10,2
497,40,10,20,2
498,40,10,30,2
499,40,10,40,3
500,40,10,50,4
501,40,10,60,6
502,40,10,70,9
503,40,10,80,12
504,40,10,90,16
505,40,10,100,19
506,40,20,0,2
507,40,20,10,2.25
508,40,20,20,2.5
509,40,20,30,2.75
510,40,20,40,3
511,40,20,50,4
512,40,20,60,6
513,40,20,70,9
514,40,20,80,12
515,40,20,90,16
516,40,20,100,19
517,40,30,0,3
518,40,30,10,3
519,40,30,20,3
520,40,30,30,3
521,40,30,40,4
522,40,30,50,5
523,40,30,60,7
524,40,30,70,10
525,40,30,80,12
526,40,30,90,17
527,40,30,100,20
528,40,40,0,4
529,40,40,10,4
530,40,40,20,4
531,40,40,30,5
532,40,40,40,5
533,40,40,50,7
534,40,40,60,8
535,40,40,70,11
536,40,40,80,14
537,40,40,90,19
538,40,40,100,21.5
539,40,50,0,6
540,40,50,10,6
541,40,50,20,6
542,40,50,30,7
543,40,50,40,8
544,40,50,50,9
545,40,50,60,11
546,40,50,70,13
547,40,50,80,17
548,40,50,90,21
549,40,50,100,24
550,40,60,0,9
551,40,60,10,9
552,40,60,20,10
553,40,60,30,10
554,40,60,40,11
555,40,60,50,12
556,40,60,60,14
557,40,60,70,17
558,40,60,80,20
559,40,60,90,24
560,40,60,100,27
561,40,70,0,14
562,40,70,10,14
563,40,70,20,14
564,40,70,30,15
565,40,70,40,16
566,40,70,50,17
567,40,70,60,19
568,40,70,70,21.5
569,40,70,80,25
570,40,70,90,29
571,40,70,100,32
572,40,80,0,19
573,40,80,10,20
574,40,80,20,20
575,40,80,30,21
576,40,80,40,22
577,40,80,50,23
578,40,80,60,24
579,40,80,70,27
580,40,80,80,30
581,40,80,90,34
582,40,80,100,37
583,40,90,0,27.5
584,40,90,10,28
585,40,90,20,29
586,40,90,30,29
587,40,90,40,30
588,40,90,50,32
589,40,90,60,33
590,40,90,70,35
591,40,90,80,38
592,40,90,90,43
593,40,90,100,45.5
594,40,100,0,30
595,40,100,10,30
596,40,100,20,30
597,40,100,30,30
598,40,100,40,31
599,40,100,50,32
600,40,100,60,34
601,40,100,70,37
602,40,100,80,40
603,40,100,90,44
604,40,100,100,47
605,50,0,0,2
606,50,0,10,2
607,50,0,20,2
608,50,0,30,3
609,50,0,40,3
610,50,0,50,4
611,50,0,60,6
612,50,0,70,9
613,50,0,80,12
614,50,0,90,16
615,50,0,100,20
616,50,10,0,2
617,50,10,10,2
618,50,10,20,2
619,50,10,30,3
620,50,10,40,3
621,50,10,50,4.5
622,50,10,60,6
623,50,10,70,9
624,50,10,80,13
625,50,10,90,17
626,50,10,100,20
627,50,20,0,2
628,50,20,10,2
629,50,20,20,2
630,50,20,30,3
631,50,20,40,4
632,50,20,50,5
633,50,20,60,7
634,50,20,70,10
635,50,20,80,13
636,50,20,90,17
637,50,20,100,20
638,50,30,0,3
639,50,30,10,3
640,50,30,20,3
641,50,30,30,4
642,50,30,40,4.5
643,50,30,50,6
644,50,30,60,8
645,50,30,70,10
646,50,30,80,14
647,50,30,90,18
648,50,30,100,21
649,50,40,0,4
650,50,40,10,5
651,50,40,20,5
652,50,40,30,6
653,50,40,40,6
654,50,40,50,7
655,50,40,60,9
656,50,40,70,12
657,50,40,80,15
658,50,40,90,19
659,50,40,100,22
660,50,50,0,7
661,50,50,10,7.25
662,50,50,20,7.5
663,50,50,30,7.75
664,50,50,40,8
665,50,50,50,9
666,50,50,60,11
667,50,50,70,14
668,50,50,80,17
669,50,50,90,22
670,50,50,100,24.5
671,50,60,0,10
672,50,60,10,10
673,50,60,20,11
674,50,60,30,11
675,50,60,40,12
676,50,60,50,13
677,50,60,60,15
678,50,60,70,17
679,50,60,80,21
680,50,60,90,25
681,50,60,100,28
682,50,70,0,15
683,50,70,10,15
684,50,70,20,15
685,50,70,30,16
686,50,70,40,17
687,50,70,50,18
688,50,70,60,20
689,50,70,70,22
690,50,70,80,26
691,50,70,90,30
692,50,70,100,33
693,50,80,0,20
694,50,80,10,20
695,50,80,20,21
696,50,80,30,22
697,50,80,40,22
698,50,80,50,23
699,50,80,60,25
700,50,80,70,27
701,50,80,80,31
702,50,80,90,35
703,50,80,100,38
704,50,90,0,28
705,50,90,10,28
706,50,90,20,28
707,50,90,30,29
708,50,90,40,30
709,50,90,50,31
710,50,90,60,33
711,50,90,70,36
712,50,90,80,40
713,50,90,90,43
714,50,90,100,46
715,50,100,0,30.5
716,50,100,10,31
717,50,100,20,31
718,50,100,30,32
719,50,100,40,32
720,50,100,50,33
721,50,100,60,35
722,50,100,70,36
723,50,100,80,41
724,50,100,90,45.5
725,50,100,100,48
726,60,0,0,3
727,60,0,10,3
728,60,0,20,3
729,60,0,30,4
730,60,0,40,4
731,60,0,50,6
732,60,0,60,7
733,60,0,65,9
734,60,0,70,10
735,60,0,75,11
,60,0,80,13
,60,0,85,15
,60,0,90,17
,60,0,95,21
736,60,0,100,21
737,60,10,0,4
738,60,10,10,4
739,60,10,20,4
740,60,10,30,4
741,60,10,40,5
742,60,10,50,6
743,60,10,60,8
744,60,10,70,11
745,60,10,80,14
746,60,10,90,18
747,60,10,100,21
748,60,20,0,5
749,60,20,10,5
750,60,20,20,4.5
751,60,20,30,4.75
752,60,20,40,5
753,60,20,50,6
754,60,20,60,8
755,60,20,70,11
756,60,20,80,14
757,60,20,90,18
758,60,20,100,21
759,60,30,0,5
760,60,30,10,5
761,60,30,20,5
762,60,30,30,5
763,60,30,40,6
764,60,30,50,7
765,60,30,60,9
766,60,30,70,12
767,60,30,80,15
768,60,30,90,19
769,60,30,100,22
770,60,40,0,6
771,60,40,10,6
772,60,40,20,6
773,60,40,30,7
774,60,40,40,7
775,60,40,50,8
776,60,40,60,11
777,60,40,70,13
778,60,40,80,16
779,60,40,90,21
780,60,40,100,24
781,60,50,0,8
782,60,50,10,8
783,60,50,20,8.5
784,60,50,30,9
785,60,50,40,10
786,60,50,50,11
787,60,50,60,13
788,60,50,70,15
789,60,50,80,19
790,60,50,90,23
791,60,50,100,26
792,60,60,0,12
793,60,60,10,12
794,60,60,20,12
795,60,60,30,12
796,60,60,40,13
797,60,60,50,14
798,60,60,60,16
799,60,60,65,17
800,60,60,70,18.5
801,60,60,75,20
,60,60,80,22
,60,60,85,24
,60,60,90,26
,60,60,95,29
802,60,60,100,29
,60,65,0,13
,60,65,60,18
,60,65,65,19
,60,65,70,21
,60,65,75,22
,60,65,80,24
,60,65,85,26.5
,60,65,90,28
,60,65,95,31
,60,65,100,31
803,60,70,0,16
804,60,70,10,16
805,60,70,20,17
806,60,70,30,17
807,60,70,40,18
808,60,70,50,19
809,60,70,60,21
810,60,70,65,22
811,60,70,70,23
812,60,70,75,25
,60,70,80,27
,60,70,85,29
,60,70,90,31
,60,70,95,34
813,60,70,100,34
,60,75,0,18
,60,75,60,23
,60,75,65,24
,60,75,70,26
,60,75,75,28
,60,75,80,30
,60,75,85,32
,60,75,90,34
,60,75,95,37
,60,75,100,37
814,60,80,0,21
815,60,80,10,21
816,60,80,20,22
817,60,80,30,23
818,60,80,40,24
819,60,80,50,25
820,60,80,60,26
821,60,80,65,27
822,60,80,70,29
823,60,80,75,30
,60,80,80,33
,60,80,85,34
,60,80,90,37
,60,80,95,39
824,60,80,100,40
,60,85,0,25
,60,85,60,30
,60,85,65,31
,60,85,70,33
,60,85,75,34
,60,85,80,36
,60,85,85,38
,60,85,90,40
,60,85,95,43
,60,85,100,43
825,60,90,0,30
826,60,90,10,30
827,60,90,20,31
828,60,90,30,31
829,60,90,40,32
830,60,90,50,33
831,60,90,60,34
832,60,90,65,36
833,60,90,70,37
834,60,90,75,39
,60,90,80,40
,60,90,85,42
,60,90,90,45
,60,90,95,47
835,60,90,100,48
,60,95,0,32
,60,95,60,36
,60,95,65,38
,60,95,70,39
,60,95,75,41
,60,95,80,42
,60,95,85,45
,60,95,90,47
,60,95,95,49
,60,95,100,49
836,60,100,0,32
837,60,100,10,33
838,60,100,20,33
839,60,100,30,34
840,60,100,40,35
841,60,100,50,36
842,60,100,60,36
843,60,100,65,38
844,60,100,70,39
845,60,100,75,41
,60,100,80,43
,60,100,85,45
,60,100,90,46.5
,60,100,95,49
846,60,100,100,50
847,70,0,0,5
848,70,0,10,5
849,70,0,20,5
850,70,0,30,5.5
851,70,0,40,6
852,70,0,50,7
853,70,0,60,9
854,70,0,65,10
855,70,0,70,11
856,70,0,75,13
,70,0,80,15
,70,0,85,17
,70,0,90,19
,70,0,95,22
857,70,0,100,23
858,70,10,0,5
859,70,10,10,5
860,70,10,20,5
861,70,10,30,6
862,70,10,40,6
863,70,10,50,7
864,70,10,60,9.5
865,70,10,70,12
866,70,10,80,15
867,70,10,90,19
868,70,10,100,23
869,70,20,0,5
870,70,20,10,5
871,70,20,20,6
872,70,20,30,6
873,70,20,40,7
874,70,20,50,8
875,70,20,60,10
876,70,20,70,13
877,70,20,80,16
878,70,20,90,20
879,70,20,100,23
880,70,30,0,6
881,70,30,10,6
882,70,30,20,7
883,70,30,30,7
884,70,30,40,8
885,70,30,50,9
886,70,30,60,11
887,70,30,70,13
888,70,30,80,17
889,70,30,90,21
890,70,30,100,24
891,70,40,0,8
892,70,40,10,8
893,70,40,20,8
894,70,40,30,8
895,70,40,40,9
896,70,40,50,10
897,70,40,60,12.5
898,70,40,70,15
899,70,40,80,18
900,70,40,90,22
901,70,40,100,25
902,70,50,0,10
903,70,50,10,10
904,70,50,20,10
905,70,50,30,11
906,70,50,40,11
907,70,50,50,12
908,70,50,60,14.5
909,70,50,70,17
910,70,50,80,20
911,70,50,90,25
912,70,50,100,28
913,70,60,0,13
914,70,60,10,13
915,70,60,20,14
916,70,60,30,14
917,70,60,40,15
918,70,60,50,16
919,70,60,60,18
920,70,60,65,19
921,70,60,70,20
922,70,60,75,22
,70,60,80,24
,70,60,85,26
,70,60,90,28
,70,60,95,31
923,70,60,100,31
,70,65,0,15
,70,65,60,20
,70,65,65,21
,70,65,70,22
,70,65,75,24
,70,65,80,26
,70,65,85,28
,70,65,90,30
,70,65,95,33
,70,65,100,33
924,70,70,0,18
925,70,70,10,19
926,70,70,20,19
927,70,70,30,19
928,70,70,40,20
929,70,70,50,21
930,70,70,60,22
931,70,70,65,24
932,70,70,70,25
933,70,70,75,26
,70,70,80,28
,70,70,85,31
,70,70,90,33
,70,70,95,36
934,70,70,100,36
,70,75,0,20
,70,75,60,25
,70,75,65,26
,70,75,70,28
,70,75,75,29
,70,75,80,31
,70,75,85,34
,70,75,90,35
,70,75,95,38
,70,75,100,38
935,70,80,0,23
936,70,80,10,23
937,70,80,20,24
938,70,80,30,24
939,70,80,40,25
940,70,80,50,26
941,70,80,60,28
942,70,80,65,29
943,70,80,70,31
944,70,80,75,32
,70,80,80,34
,70,80,85,37
,70,80,90,38
,70,80,95,41
945,70,80,100,41
,70,85,0,27
,70,85,60,32
,70,85,65,33
,70,85,70,34
,70,85,75,36
,70,85,80,38
,70,85,85,40
,70,85,90,42
,70,85,95,45
,70,85,100,45
946,70,90,0,32
947,70,90,10,32
948,70,90,20,33
949,70,90,30,33
950,70,90,40,34
951,70,90,50,34
952,70,90,60,36
953,70,90,65,37
954,70,90,70,39
955,70,90,75,40
,70,90,80,42
,70,90,85,44
,70,90,90,47
,70,90,95,49
956,70,90,100,49.5
,70,95,0,33
,70,95,60,38
,70,95,65,39
,70,95,70,41
,70,95,75,42
,70,95,80,44
,70,95,85,46.5
,70,95,90,48
,70,95,95,51
,70,95,100,51
957,70,100,0,34
958,70,100,10,34
959,70,100,20,34
960,70,100,30,34
961,70,100,40,35
962,70,100,50,36
963,70,100,60,37
964,70,100,65,39
965,70,100,70,41
966,70,100,75,42
,70,100,80,44
,70,100,85,47
,70,100,90,48
,70,100,95,51
967,70,100,100,51
968,80,0,0,7
969,80,0,10,7
970,80,0,20,7
971,80,0,30,8
972,80,0,40,9
973,80,0,50,10
974,80,0,60,11
975,80,0,65,13
976,80,0,70,14
977,80,0,75,15
,80,0,80,17
,80,0,85,19
,80,0,90,21
,80,0,95,24
978,80,0,100,24
979,80,10,0,7
980,80,10,10,7
981,80,10,20,7
982,80,10,30,8
983,80,10,40,9
984,80,10,50,10
985,80,10,60,12
986,80,10,70,14
987,80,10,80,17
988,80,10,90,22
989,80,10,100,25
990,80,20,0,8
991,80,20,10,8
992,80,20,20,8
993,80,20,30,8
994,80,20,40,9
995,80,20,50,10
996,80,20,60,12
997,80,20,70,14.5
998,80,20,80,18
999,80,20,90,22
1000,80,20,100,25
1001,80,30,0,8
1002,80,30,10,8.5
1003,80,30,20,9
1004,80,30,30,9
1005,80,30,40,10
1006,80,30,50,11
1007,80,30,60,13
1008,80,30,70,16
1009,80,30,80,19
1010,80,30,90,23
1011,80,30,100,26
1012,80,40,0,10
1013,80,40,10,10
1014,80,40,20,10
1015,80,40,30,11
1016,80,40,40,11
1017,80,40,50,12
1018,80,40,60,14
1019,80,40,70,17
1020,80,40,80,20
1021,80,40,90,24.5
1022,80,40,100,28
1023,80,50,0,12
1024,80,50,10,12
1025,80,50,20,13
1026,80,50,30,13
1027,80,50,40,14
1028,80,50,50,15
1029,80,50,60,17
1030,80,50,70,20
1031,80,50,80,23
1032,80,50,90,27
1033,80,50,100,28
1034,80,60,0,15
1035,80,60,10,15
1036,80,60,20,16
1037,80,60,30,17
1038,80,60,40,17
1039,80,60,50,18
1040,80,60,60,20
1041,80,60,65,21
1042,80,60,70,22
1043,80,60,75,24
,80,60,80,26
,80,60,85,28
,80,60,90,30
,80,60,95,33
1044,80,60,100,33
,80,65,0,17
,80,65,60,22
,80,65,65,23
,80,65,70,25
,80,65,75,26
,80,65,80,28
,80,65,85,30
,80,65,90,33
,80,65,95,35
,80,65,100,35.5
1045,80,70,0,20
1046,80,70,10,20
1047,80,70,20,20
1048,80,70,30,21
1049,80,70,40,22
1050,80,70,50,23
1051,80,70,60,25
1052,80,70,65,26
1053,80,70,70,27
1054,80,70,75,29
,80,70,80,30
,80,70,85,33
,80,70,90,35
,80,70,95,38
1055,80,70,100,38
,80,75,0,22
,80,75,60,27
,80,75,65,28
,80,75,70,30
,80,75,75,32
,80,75,80,33
,80,75,85,35
,80,75,90,38
,80,75,95,41
,80,75,100,41
1056,80,80,0,26
1057,80,80,10,28
1058,80,80,20,26
1059,80,80,30,27
1060,80,80,40,27
1061,80,80,50,28
1062,80,80,60,30
1063,80,80,65,32
1064,80,80,70,33
1065,80,80,75,35
,80,80,80,37
,80,80,85,38
,80,80,90,41
,80,80,95,43
1066,80,80,100,44
,80,85,0,29
,80,85,60,34
,80,85,65,35
,80,85,70,37
,80,85,75,38
,80,85,80,40
,80,85,85,42
,80,85,90,45
,80,85,95,47
,80,85,100,47
1067,80,90,0,34
1068,80,90,10,34
1069,80,90,20,34
1070,80,90,30,35
1071,80,90,40,35
1072,80,90,50,37
1073,80,90,60,38
1074,80,90,65,40
1075,80,90,70,41
1076,80,90,75,43
,80,90,80,44
,80,90,85,47
,80,90,90,49
,80,90,95,52
1077,80,90,100,52
,80,95,0,35
,80,95,60,40
,80,95,65,42
,80,95,70,43
,80,95,75,45
,80,95,80,46
,80,95,85,49
,80,95,90,51
,80,95,95,53
,80,95,100,53
1078,80,100,0,36
1079,80,100,10,36
1080,80,100,20,36
1081,80,100,30,36
1082,80,100,40,37
1083,80,100,50,38
1084,80,100,60,40
1085,80,100,65,42
1086,80,100,70,43
1087,80,100,75,45
,80,100,80,47
,80,100,85,49
,80,100,90,50
,80,100,95,53
1088,80,100,100,53
1089,90,0,0,10
1090,90,0,10,10
1091,90,0,20,11
1092,90,0,30,11
1093,90,0,40,12
1094,90,0,50,13
1095,90,0,60,14
1096,90,0,65,16
1097,90,0,70,17
1098,90,0,75,18
,90,0,80,20
,90,0,85,23
,90,0,90,24
,90,0,95,27
1099,90,0,100,28
1100,90,10,0,10
1101,90,10,10,11
1102,90,10,20,11
1103,90,10,30,11
1104,90,10,40,12
1105,90,10,50,13
1106,90,10,60,15
1107,90,10,70,17
1108,90,10,80,21
1109,90,10,90,24
1110,90,10,100,28
1111,90,20,0,11
1112,90,20,10,11
1113,90,20,20,11
1114,90,20,30,11.5
1115,90,20,40,12
1116,90,20,50,13
1117,90,20,60,15
1118,90,20,70,18
1119,90,20,80,21
1120,90,20,90,25
1121,90,20,100,28
1122,90,30,0,12
1123,90,30,10,12
1124,90,30,20,12
1125,90,30,30,12.5
1126,90,30,40,13
1127,90,30,50,14
1128,90,30,60,16
1129,90,30,70,18
1130,90,30,80,22
1131,90,30,90,26
1132,90,30,100,29
1133,90,40,0,13
1134,90,40,10,13
1135,90,40,20,13
1136,90,40,30,14
1137,90,40,40,15
1138,90,40,50,16
1139,90,40,60,18
1140,90,40,70,20
1141,90,40,80,23
1142,90,40,90,28
1143,90,40,100,31
1144,90,50,0,15
1145,90,50,10,15
1146,90,50,20,16
1147,90,50,30,16
1148,90,50,40,17
1149,90,50,50,18
1150,90,50,60,20
1151,90,50,70,22
1152,90,50,80,26
1153,90,50,90,30
1154,90,50,100,33
1155,90,60,0,18
1156,90,60,10,19
1157,90,60,20,19
1158,90,60,30,20
1159,90,60,40,21
1160,90,60,50,22
1161,90,60,60,23
1162,90,60,65,24
1163,90,60,70,26
1164,90,60,75,27
,90,60,80,29
,90,60,85,31
,90,60,90,33
,90,60,95,36
1165,90,60,100,36
,90,65,0,20
,90,65,60,25.5
,90,65,65,26
,90,65,70,28
,90,65,75,29
,90,65,80,31
,90,65,85,34
,90,65,90,35
,90,65,95,38
,90,65,100,38
1166,90,70,0,23
1167,90,70,10,23
1168,90,70,20,23
1169,90,70,30,24
1170,90,70,40,25
1171,90,70,50,26
1172,90,70,60,27
1173,90,70,65,29
1174,90,70,70,30
1175,90,70,75,32
,90,70,80,34
,90,70,85,36
,90,70,90,38
,90,70,95,41
1176,90,70,100,41
,90,75,0,25
,90,75,60,31
,90,75,65,32
,90,75,70,33
,90,75,75,35
,90,75,80,37
,90,75,85,39
,90,75,90,41
,90,75,95,44
,90,75,100,44
1177,90,80,0,29
1178,90,80,10,29
1179,90,80,20,29
1180,90,80,30,29
1181,90,80,40,30
1182,90,80,50,31
1183,90,80,60,33
1184,90,80,65,34
1185,90,80,70,36
1186,90,80,75,38
,90,80,80,40
,90,80,85,41
,90,80,90,44
,90,80,95,47
1187,90,80,100,47
,90,85,0,32
,90,85,60,37.5
,90,85,65,38
,90,85,70,40
,90,85,75,41
,90,85,80,43
,90,85,85,46
,90,85,90,47
,90,85,95,50
,90,85,100,50
1188,90,90,0,37
1189,90,90,10,37
1190,90,90,20,37
1191,90,90,30,38
1192,90,90,40,38
1193,90,90,50,40
1194,90,90,60,41
1195,90,90,65,43
1196,90,90,70,44
1197,90,90,75,46
,90,90,80,47
,90,90,85,50
,90,90,90,52
,90,90,95,55
1198,90,90,100,55
,90,95,0,38
,90,95,60,44
,90,95,65,45
,90,95,70,46
,90,95,75,48
,90,95,80,50
,90,95,85,52
,90,95,90,54
,90,95,95,56
,90,95,100,57
1199,90,100,0,39
1200,90,100,10,39
1201,90,100,20,39
1202,90,100,30,39
1203,90,100,40,40
1204,90,100,50,42
1205,90,100,60,43
1206,90,100,65,45
1207,90,100,70,46
1208,90,100,75,48
,90,100,80,50
,90,100,85,52
,90,100,90,54
,90,100,95,56
1209,90,100,100,56
1210,100,0,0,11
1211,100,0,10,11
1212,100,0,20,11
1213,100,0,30,12
1214,100,0,40,13
1215,100,0,50,14
1216,100,0,60,15
1217,100,0,65,16
1218,100,0,70,18
1219,100,0,75,19
,100,0,80,21
,100,0,85,23
,100,0,90,25
,100,0,95,28.5
1220,100,0,100,29
1221,100,10,0,11
1222,100,10,10,11
1223,100,10,20,11
1224,100,10,30,12
1225,100,10,40,13
1226,100,10,50,14
1227,100,10,60,16
1228,100,10,70,18
1229,100,10,80,21
1230,100,10,90,26
1231,100,10,100,29
1232,100,20,0,12
1233,100,20,10,11
1234,100,20,20,12
1235,100,20,30,12
1236,100,20,40,13
1237,100,20,50,14
1238,100,20,60,16
1239,100,20,70,19
1240,100,20,80,22
1241,100,20,90,26
1242,100,20,100,29
1243,100,30,0,12
1244,100,30,10,12
1245,100,30,20,12
1246,100,30,30,13
1247,100,30,40,14
1248,100,30,50,15
1249,100,30,60,17
1250,100,30,70,19
1251,100,30,80,23
1252,100,30,90,27
1253,100,30,100,30
1254,100,40,0,14
1255,100,40,10,14
1256,100,40,20,14
1257,100,40,30,14
1258,100,40,40,15
1259,100,40,50,16
1260,100,40,60,18
1261,100,40,70,21
1262,100,40,80,24
1263,100,40,90,28
1264,100,40,100,31
1265,100,50,0,16
1266,100,50,10,16
1267,100,50,20,16
1268,100,50,30,16
1269,100,50,40,17
1270,100,50,50,18.5
1271,100,50,60,21
1272,100,50,70,23
1273,100,50,80,27
1274,100,50,90,31
1275,100,50,100,33.5
1276,100,60,0,19
1277,100,60,10,19
1278,100,60,20,20
1279,100,60,30,20
1280,100,60,40,21
1281,100,60,50,22
1282,100,60,60,24
1283,100,60,65,25
1284,100,60,70,26
1285,100,60,75,28
,100,60,80,29.5
,100,60,85,32
,100,60,90,34
,100,60,95,37
1286,100,60,100,37
,100,65,0,21
,100,65,60,26
,100,65,65,27
,100,65,70,28.5
,100,65,75,30.5
,100,65,80,32
,100,65,85,34
,100,65,90,36
,100,65,95,39
,100,65,100,39
1287,100,70,0,23
1288,100,70,10,24
1289,100,70,20,24
1290,100,70,30,25
1291,100,70,40,26
1292,100,70,50,27
1293,100,70,60,28
1294,100,70,65,30
1295,100,70,70,31
1296,100,70,75,33
,100,70,80,35
,100,70,85,37
,100,70,90,39
,100,70,95,42
1297,100,70,100,42
,100,75,0,26
,100,75,60,31
,100,75,65,32
,100,75,70,34
,100,75,75,36
,100,75,80,37
,100,75,85,40
,100,75,90,41
,100,75,95,44.5
,100,75,100,44.5
1298,100,80,0,29
1299,100,80,10,29
1300,100,80,20,30
1301,100,80,30,30
1302,100,80,40,31
1303,100,80,50,32.5
1304,100,80,60,34
1305,100,80,65,35
1306,100,80,70,36.5
1307,100,80,75,38
,100,80,80,40
,100,80,85,43
,100,80,90,44.5
,100,80,95,47
1308,100,80,100,47
,100,85,0,33
,100,85,60,38
,100,85,65,39
,100,85,70,40.5
,100,85,75,42.5
,100,85,80,44
,100,85,85,46
,100,85,90,48
,100,85,95,51
,100,85,100,51
1309,100,90,0,37
1310,100,90,10,37
1311,100,90,20,38
1312,100,90,30,38
1313,100,90,40,39
1314,100,90,50,40
1315,100,90,60,42
1316,100,90,65,43
1317,100,90,70,45
1318,100,90,75,46.5
,100,90,80,48
,100,90,85,51
,100,90,90,52
,100,90,95,55
1319,100,90,100,55
,100,95,0,39
,100,95,60,44
,100,95,65,45
,100,95,70,47
,100,95,75,48
,100,95,80,50
,100,95,85,52
,100,95,90,54
,100,95,95,57
,100,95,100,57
1320,100,100,0,39
1321,100,100,10,39
1322,100,100,20,40
1323,100,100,30,40
1324,100,100,40,41
1325,100,100,50,42
1326,100,100,60,44
1327,100,100,65,45
1328,100,100,70,47
1329,100,100,75,48
,100,100,80,50
,100,100,85,52
,100,100,90,54
,100,100,95,57
1330,100,100,100,57
,65,0,0,4
,65,0,60,8
,65,0,65,9.5
,65,0,70,10
,65,0,75,12
,65,0,80,14
,65,0,85,16
,65,0,90,18
,65,0,95,21
,65,0,100,21
,65,60,0,12
,65,60,60,17
,65,60,65,18
,65,60,70,19
,65,60,75,21
,65,60,80,23
,65,60,85,25
,65,60,90,27
,65,60,95,30
,65,60,100,30
,65,65,0,14
,65,65,60,19
,65,65,65,20
,65,65,70,21
,65,65,75,23
,65,65,80,25
,65,65,85,27
,65,65,90,29
,65,65,95,32
,65,65,100,32
,65,70,0,17
,65,70,60,21
,65,70,65,23
,65,70,70,24
,65,70,75,26
,65,70,80,28
,65,70,85,29.5
,65,70,90,32
,65,70,95,35
,65,70,100,35
,65,75,0,19
,65,75,60,24
,65,75,65,25
,65,75,70,27
,65,75,75,28
,65,75,80,30
,65,75,85,32
,65,75,90,34
,65,75,95,37
,65,75,100,37
,65,80,0,22
,65,80,60,27
,65,80,65,28
,65,80,70,30
,65,80,75,31
,65,80,80,33
,65,80,85,35
,65,80,90,38
,65,80,95,40
,65,80,100,40
,65,85,0,26
,65,85,60,31
,65,85,65,32
,65,85,70,33
,65,85,75,35
,65,85,80,37
,65,85,85,40
,65,85,90,41
,65,85,95,44
,65,85,100,44
,65,90,0,30.5
,65,90,60,35
,65,90,65,37
,65,90,70,38
,65,90,75,40
,65,90,80,41.5
,65,90,85,43
,65,90,90,46
,65,90,95,48
,65,90,100,48
,65,95,0,32
,65,95,60,37
,65,95,65,38
,65,95,70,40
,65,95,75,41
,65,95,80,43
,65,95,85,46
,65,95,90,47
,65,95,95,50
,65,95,100,50
,65,100,0,32
,65,100,60,37
,65,100,65,38
,65,100,70,40
,65,100,75,42
,65,100,80,44
,65,100,85,45
,65,100,90,48
,65,100,95,50
,65,100,100,50
,75,0,0,6
,75,0,60,10
,75,0,65,11
,75,0,70,13
,75,0,75,14
,75,0,80,16
,75,0,85,18
,75,0,90,20
,75,0,95,23
,75,0,100,23
,75,60,0,14
,75,60,60,19
,75,60,65,20
,75,60,70,21.5
,75,60,75,23
,75,60,80,25
,75,60,85,27
,75,60,90,28.5
,75,60,95,32
,75,60,100,32
,75,65,0,16
,75,65,60,21
,75,65,65,22
,75,65,70,23.5
,75,65,75,25
,75,65,80,27
,75,65,85,29
,75,65,90,31
,75,65,95,34
,75,65,100,34
,75,70,0,18
,75,70,60,23
,75,70,65,24
,75,70,70,26
,75,70,75,27
,75,70,80,30
,75,70,85,32
,75,70,90,34
,75,70,95,37
,75,70,100,37
,75,75,0,21
,75,75,60,26
,75,75,65,27
,75,75,70,29
,75,75,75,30
,75,75,80,32
,75,75,85,34
,75,75,90,36
,75,75,95,40
,75,75,100,39.5
,75,80,0,24
,75,80,60,29
,75,80,65,30
,75,80,70,32
,75,80,75,33
,75,80,80,35
,75,80,85,38
,75,80,90,39
,75,80,95,42
,75,80,100,42
,75,85,0,28
,75,85,60,33
,75,85,65,34
,75,85,70,35
,75,85,75,37
,75,85,80,39
,75,85,85,42
,75,85,90,43
,75,85,95,46
,75,85,100,46
,75,90,0,32
,75,90,60,38
,75,90,65,38
,75,90,70,40
,75,90,75,41
,75,90,80,43
,75,90,85,46
,75,90,90,48
,75,90,95,50
,75,90,100,50
,75,95,0,34
,75,95,60,39
,75,95,65,40
,75,95,70,42
,75,95,75,43.5
,75,95,80,45
,75,95,85,47
,75,95,90,49
,75,95,95,52
,75,95,100,52
,75,100,0,34
,75,100,60,39
,75,100,65,40
,75,100,70,42
,75,100,75,43
,75,100,80,45
,75,100,85,48
,75,100,90,50
,75,100,95,52
,75,100,100,52
,85,0,0,8
,85,0,60,13
,85,0,65,14
,85,0,70,15
,85,0,75,16.5
,85,0,80,18
,85,0,85,21
,85,0,90,23
,85,0,95,26
,85,0,100,26
,85,60,0,16
,85,60,60,21
,85,60,65,23
,85,60,70,24
,85,60,75,26
,85,60,80,27.5
,85,60,85,29
,85,60,90,32
,85,60,95,34
,85,60,100,35
,85,65,0,19
,85,65,60,24
,85,65,65,25
,85,65,70,26
,85,65,75,27
,85,65,80,30
,85,65,85,32
,85,65,90,34
,85,65,95,37
,85,65,100,37
,85,70,0,21
,85,70,60,26
,85,70,65,27
,85,70,70,29
,85,70,75,30
,85,70,80,32
,85,70,85,35
,85,70,90,36
,85,70,95,39
,85,70,100,39
,85,75,0,24
,85,75,60,29
,85,75,65,30
,85,75,70,31
,85,75,75,33
,85,75,80,35
,85,75,85,37
,85,75,90,39
,85,75,95,42
,85,75,100,42
,85,80,0,27
,85,80,60,32
,85,80,65,33
,85,80,70,34
,85,80,75,36
,85,80,80,38
,85,80,85,40
,85,80,90,42
,85,80,95,45
,85,80,100,45
,85,85,0,30
,85,85,60,36
,85,85,65,37
,85,85,70,38
,85,85,75,40
,85,85,80,42
,85,85,85,44
,85,85,90,45
,85,85,95,49
,85,85,100,49
,85,90,0,35
,85,90,60,40
,85,90,65,41
,85,90,70,42
,85,90,75,44
,85,90,80,46
,85,90,85,48
,85,90,90,50
,85,90,95,53
,85,90,100,53
,85,95,0,37
,85,95,60,42
,85,95,65,43
,85,95,70,44
,85,95,75,46
,85,95,80,48
,85,95,85,50
,85,95,90,52
,85,95,95,55
,85,95,100,55
,85,100,0,37
,85,100,60,42
,85,100,65,43
,85,100,70,44
,85,100,75,46
,85,100,80,48
,85,100,85,50
,85,100,90,52
,85,100,95,55
,85,100,100,55
,95,0,0,11
,95,0,60,15
,95,0,65,17
,95,0,70,18
,95,0,75,19
,95,0,80,21
,95,0,85,23
,95,0,90,25
,95,0,95,28
,95,0,100,29
,95,60,0,19
,95,60,60,24
,95,60,65,25
,95,60,70,26
,95,60,75,28
,95,60,80,30
,95,60,85,32
,95,60,90,34
,95,60,95,37
,95,60,100,37
,95,65,0,21
,95,65,60,26
,95,65,65,27
,95,65,70,29
,95,65,75,30
,95,65,80,32
,95,65,85,34
,95,65,90,36
,95,65,95,39
,95,65,100,39
,95,70,0,23
,95,70,60,28
,95,70,65,30
,95,70,70,31
,95,70,75,33
,95,70,80,35
,95,70,85,36
,95,70,90,39
,95,70,95,41
,95,70,100,42
,95,75,0,26
,95,75,60,31
,95,75,65,32
,95,75,70,34
,95,75,75,35
,95,75,80,37
,95,75,85,40
,95,75,90,42
,95,75,95,44
,95,75,100,44
,95,80,0,29
,95,80,60,34
,95,80,65,35
,95,80,70,37
,95,80,75,38
,95,80,80,40
,95,80,85,43
,95,80,90,44.5
,95,80,95,47
,95,80,100,47
,95,85,0,33
,95,85,60,38
,95,85,65,39
,95,85,70,40
,95,85,75,42
,95,85,80,44
,95,85,85,46
,95,85,90,48
,95,85,95,51
,95,85,100,51
,95,90,0,37
,95,90,60,42
,95,90,65,43
,95,90,70,45
,95,90,75,47
,95,90,80,48
,95,90,85,50
,95,90,90,53
,95,90,95,55
,95,90,100,55
,95,95,0,39
,95,95,60,44
,95,95,65,45
,95,95,70,47
,95,95,75,48
,95,95,80,50
,95,95,85,52
,95,95,90,54
,95,95,95,57
,95,95,100,57
,95,100,0,39
,95,100,60,44
,95,100,65,45
,95,100,70,47
,95,100,75,48
,95,100,80,50
,95,100,85,52
,95,100,90,55
,95,100,95,57
,95,100,100,57
