participant,video,Pupil_size
7yqP3,HN_1,0.0005651976215492738
7yqP3,HN_2_H,0.23458640331387492
7yqP3,HN_2_L,-0.5595705227699441
7yqP3,HN_3_H,0.02898114587762013
7yqP3,HN_3_L,-0.03202415895318955
7yqP3,HN_4,-7.26009143248163e-06
7yqP3,HN_5,-1.8726165254001614e-05
7yqP3,HN_6,-8.543516427206299e-06
7yqP3,HN_7,0.000556783320298404
7yqP3,HN_9,-2.333498124063027e-05
7yqP3,HP_1_L,-0.0641281172187318
7yqP3,HP_1_H,0.028761647169965432
7yqP3,HP_2,-7.606854006692032e-05
7yqP3,HP_3_L,-0.010898204985590354
7yqP3,HP_3_H,0.06204963967505783
7yqP3,HP_4,0.00022982833478923936
7yqP3,HP_5,0.00027667945031373264
7yqP3,HP_6,0.0007244865686146795
7yqP3,HP_7_H,0.08478579796445151
7yqP3,HP_7_L,-0.1438089467618795
7yqP3,HP_9,9.963485398101213e-05
7yqP3,LN_1,-2.9551064639754543e-06
7yqP3,LN_2,0.00017686609515044083
7yqP3,LN_3,-9.226288914643277e-05
7yqP3,LN_4,3.0443218967945995e-07
7yqP3,LN_5,0.0004703896618898362
7yqP3,LN_6,0.0002009012412145239
7yqP3,LN_7_N,0.11729359582738752
7yqP3,LN_7_P,-0.22802034497940715
7yqP3,LN_9,0.0001755862163199673
7yqP3,LP_1,0.0005752349119676481
7yqP3,LP_2,-4.780423599992645e-05
7yqP3,LP_3,0.0012845465441100323
7yqP3,LP_4,0.0001065198474257123
7yqP3,LP_5,0.0008222871064824666
7yqP3,LP_6,9.741559217957274e-06
7yqP3,LP_7,-6.0318834607997474e-05
7yqP3,LP_9,9.388123378162305e-05
F5tXL,HN_1,-0.005538117677482912
F5tXL,HN_2_H,0.032038884092545405
F5tXL,HN_2_L,-0.0767403645187148
F5tXL,HN_3_H,-0.03937971131213924
F5tXL,HN_3_L,0.030994489930873836
F5tXL,HN_4,-0.0002387630408153818
F5tXL,HN_5,1.834427068425626e-05
F5tXL,HN_6,0.0004341485935608347
F5tXL,HN_7,-0.00018842283592590547
F5tXL,HN_9,4.39056232783841e-05
F5tXL,HP_1_L,0.06490159862334632
F5tXL,HP_1_H,-0.02759093773925425
F5tXL,HP_2,0.00015906288828482218
F5tXL,HP_3_L,-0.040656375578898896
F5tXL,HP_3_H,0.2721688377998235
F5tXL,HP_4,0.0002823075984119683
F5tXL,HP_5,0.0007486713087718755
F5tXL,HP_6,0.000787965551353853
F5tXL,HP_7_H,0.004066512032306235
F5tXL,HP_7_L,-0.005665606191695094
F5tXL,HP_9,-4.862482135337132e-05
F5tXL,LN_1,-2.660497044004728e-06
F5tXL,LN_2,4.981134333048587e-05
F5tXL,LN_3,8.419009071092276e-05
F5tXL,LN_4,3.852660158365495e-05
F5tXL,LN_5,-1.018526795304453e-05
F5tXL,LN_6,5.2385971961221856e-05
F5tXL,LN_7_N,0.012375116173701795
F5tXL,LN_7_P,-0.023553996661332732
F5tXL,LN_9,-5.420203968453663e-05
F5tXL,LP_1,0.0004996601750315577
F5tXL,LP_2,8.643726250934236e-05
F5tXL,LP_3,0.0010039672546793277
F5tXL,LP_4,-0.00019909561485942362
F5tXL,LP_5,0.001609535921011318
F5tXL,LP_6,2.3008571270466405e-06
F5tXL,LP_7,-8.535294488964951e-07
F5tXL,LP_9,-0.00028254195206356414
Gax8,HN_1,0.0033004636388049846
Gax8,HN_2_H,0.22751451141220524
Gax8,HN_2_L,-0.5346444211720343
Gax8,HN_3_H,0.07437201152684736
Gax8,HN_3_L,-0.05428810176460219
Gax8,HN_4,0.00014396428316576504
Gax8,HN_5,8.397625361622474e-05
Gax8,HN_6,0.0005350575282507819
Gax8,HN_7,0.0012368509075950662
Gax8,HN_9,-1.9357802634178967e-05
Gax8,HP_1_L,-0.05253322465826393
Gax8,HP_1_H,0.02301845529692237
Gax8,HP_2,-3.0190253148987267e-05
Gax8,HP_3_L,-0.04418566984937211
Gax8,HP_3_H,0.23829040608249796
Gax8,HP_4,0.0007851231505258127
Gax8,HP_5,0.0008246784583980649
Gax8,HP_6,0.0008440116245664875
Gax8,HP_7_H,0.017401396746723474
Gax8,HP_7_L,-0.033738721050332376
Gax8,HP_9,8.209146235227394e-06
Gax8,LN_1,2.4326290110288085e-05
Gax8,LN_2,-0.000983721050825448
Gax8,LN_3,-3.0522393602794295e-05
Gax8,LN_4,0.00023216055989383477
Gax8,LN_5,0.00041879224060359377
Gax8,LN_6,-8.497943235941108e-05
Gax8,LN_7_N,0.054059447107495995
Gax8,LN_7_P,-0.10528970791476944
Gax8,LN_9,-0.00011146323671518132
Gax8,LP_1,0.0008398546154904096
Gax8,LP_2,-0.00013570714893296199
Gax8,LP_3,-0.0008032606018848476
Gax8,LP_4,-3.037713356812688e-05
Gax8,LP_5,0.0006563435683730745
Gax8,LP_6,0.0005422559399841376
Gax8,LP_7,5.424257468922278e-05
Gax8,LP_9,-0.0006119937112041285
Hx7dO,HN_1,0.0017309462460750602
Hx7dO,HN_2_H,0.2510594509738011
Hx7dO,HN_2_L,-0.5610101961516678
Hx7dO,HN_3_H,0.1026312469683619
Hx7dO,HN_3_L,-0.08735463767933727
Hx7dO,HN_4,0.0004986804481812435
Hx7dO,HN_5,-0.00023036535010811932
Hx7dO,HN_6,0.00035591970245629767
Hx7dO,HN_7,-0.00010986081171981965
Hx7dO,HN_9,-1.5900680342184614e-05
Hx7dO,HP_1_L,0.017221481178423037
Hx7dO,HP_1_H,-0.007226833320804982
Hx7dO,HP_2,-0.0006455559931013433
Hx7dO,HP_3_L,-0.018059822111743618
Hx7dO,HP_3_H,0.1153304761926015
Hx7dO,HP_4,0.0002567464042408929
Hx7dO,HP_5,0.0012304683174768627
Hx7dO,HP_6,0.001009165756824526
Hx7dO,HP_7_H,0.051701815659650485
Hx7dO,HP_7_L,-0.07017606475054539
Hx7dO,HP_9,9.273874871595922e-05
Hx7dO,LN_1,2.614554076929565e-05
Hx7dO,LN_2,0.00012143692125121675
Hx7dO,LN_3,9.946684598105549e-05
Hx7dO,LN_4,0.0003892211969942494
Hx7dO,LN_5,-0.0004319229126115154
Hx7dO,LN_6,-1.4795395406608236e-06
Hx7dO,LN_7_N,0.08659301355670257
Hx7dO,LN_7_P,-0.15160775771523705
Hx7dO,LN_9,5.786029271348525e-05
Hx7dO,LP_1,0.0003333710515045496
Hx7dO,LP_2,0.00011714273297602773
Hx7dO,LP_3,1.4872960361067555e-05
Hx7dO,LP_4,-1.9333540068888766e-05
Hx7dO,LP_5,0.0013220854587232544
Hx7dO,LP_6,0.00037136888882205454
Hx7dO,LP_7,-8.517900436322279e-05
Hx7dO,LP_9,-0.00021228894513569685
wohkw,HN_1,-0.001493414839065288
wohkw,HN_2_H,0.18371507814577281
wohkw,HN_2_L,-0.4501992929807863
wohkw,HN_3_H,0.004965459421740537
wohkw,HN_3_L,0.014885803276313947
wohkw,HN_4,-3.41089255999627e-05
wohkw,HN_5,-0.00016927666343224956
wohkw,HN_6,3.0594427065544494e-05
wohkw,HN_7,-0.0004147038905677469
wohkw,HN_9,1.7137185177151792e-05
wohkw,HP_1_L,-0.046953707750923
wohkw,HP_1_H,0.01886867044658791
wohkw,HP_2,0.00021480062306133973
wohkw,HP_3_L,-0.02924513127823669
wohkw,HP_3_H,0.16693971475430214
wohkw,HP_4,0.0003493249295796197
wohkw,HP_5,0.0008133437638453422
wohkw,HP_6,0.0009431964996191589
wohkw,HP_7_H,0.08477611610983216
wohkw,HP_7_L,-0.15177503739794496
wohkw,HP_9,6.553717236901235e-06
wohkw,LN_1,-1.4106576196049048e-06
wohkw,LN_2,3.78247954779809e-05
wohkw,LN_3,-0.00027009358057084043
wohkw,LN_4,0.00022729158211287626
wohkw,LN_5,1.5443836004269684e-05
wohkw,LN_6,3.556508182178675e-05
wohkw,LN_7_N,0.10549651841239349
wohkw,LN_7_P,-0.20256679360607688
wohkw,LN_9,-5.327623667206183e-05
wohkw,LP_1,0.0006490743169078605
wohkw,LP_2,-0.00035359497517806204
wohkw,LP_3,-0.0003570663119392137
wohkw,LP_4,-1.2786422103783224e-05
wohkw,LP_5,0.0015209648069371973
wohkw,LP_6,-2.526478050546288e-05
wohkw,LP_7,-0.0004369579999741191
wohkw,LP_9,-0.00042534057973808714
WYuvqk,HN_1,0.003100403512342975
WYuvqk,HN_2_H,0.32114620212676304
WYuvqk,HN_2_L,-0.7556717987950368
WYuvqk,HN_3_H,0.07032918044601466
WYuvqk,HN_3_L,-0.04378011226205958
WYuvqk,HN_4,-2.860708119900579e-05
WYuvqk,HN_5,-0.0002851600652746811
WYuvqk,HN_6,-0.0002056071061189435
WYuvqk,HN_7,4.941041401762547e-05
WYuvqk,HN_9,-1.9605419424362225e-05
WYuvqk,HP_1_L,0.03881180158437125
WYuvqk,HP_1_H,-0.016281058959561445
WYuvqk,HP_2,-4.869677656671456e-07
WYuvqk,HP_3_L,-0.023402933812830096
WYuvqk,HP_3_H,0.134859276493414
WYuvqk,HP_4,7.648949495830948e-05
WYuvqk,HP_5,0.0005860961378152396
WYuvqk,HP_6,0.0007371336852912691
WYuvqk,HP_7_H,0.03324237863518942
WYuvqk,HP_7_L,-0.05926462793790943
WYuvqk,HP_9,-1.884119613970725e-05
WYuvqk,LN_1,7.333954412658272e-07
WYuvqk,LN_2,8.596805560134868e-05
WYuvqk,LN_3,-0.00016229412202051208
WYuvqk,LN_4,0.00014850080385242492
WYuvqk,LN_5,-4.052832005996265e-06
WYuvqk,LN_6,-3.5489077697903326e-05
WYuvqk,LN_7_N,0.08592870468246883
WYuvqk,LN_7_P,-0.1709882011307382
WYuvqk,LN_9,-0.00018202194098826396
WYuvqk,LP_1,0.00018550597020805526
WYuvqk,LP_2,-0.00035278813834827005
WYuvqk,LP_3,0.00030670979108027296
WYuvqk,LP_4,4.55426189889252e-05
WYuvqk,LP_5,5.248298154603148e-05
WYuvqk,LP_6,-4.173509653426777e-07
WYuvqk,LP_7,-1.5711611954127847e-05
WYuvqk,LP_9,-0.00010705460351045915
G4dLl,HN_1,0.00018867213163797913
G4dLl,HN_2_H,0.31704807782905053
G4dLl,HN_2_L,-0.4854364278275085
G4dLl,HN_3_L,0.0017999823101302326
G4dLl,HN_4,0.0005686918701526267
G4dLl,HN_5,0.0010918138157975932
G4dLl,HN_6,0.0005952919008738178
G4dLl,HN_7,7.23507877182783e-05
G4dLl,HN_9,-1.2774338217447223e-05
G4dLl,HP_1_L,0.001671429590072826
G4dLl,HP_1_H,-0.000666019556871511
G4dLl,HP_2,0.0002699189370432009
G4dLl,HP_3_L,-0.028126067311809333
G4dLl,HP_3_H,0.27002530270573644
G4dLl,HP_4,-0.0005007653988551297
G4dLl,HP_5,0.0006460276331932135
G4dLl,HP_6,0.0007246980413251336
G4dLl,HP_7_H,0.12465955955437558
G4dLl,HP_7_L,-0.17562845418398743
G4dLl,HP_9,0.006646059306445906
G4dLl,LN_1,-1.1752753259486326e-06
G4dLl,LN_2,0.00012543329876990583
G4dLl,LN_3,-0.0006511943126401576
G4dLl,LN_4,0.0002470363939375275
G4dLl,LN_5,-0.0006319999310759883
G4dLl,LN_6,0.00022135962949221266
G4dLl,LN_7_N,0.12183229988202093
G4dLl,LN_7_P,-0.2387664414681332
G4dLl,LN_9,-0.00032321233475851585
G4dLl,LP_1,0.0004088269012454404
G4dLl,LP_2,9.004165401371722e-05
G4dLl,LP_3,-0.0006170409745402949
G4dLl,LP_4,7.275488649316486e-06
G4dLl,LP_5,0.0012316962523177821
G4dLl,LP_6,-0.0005907019400184232
G4dLl,LP_7,3.7445306734440464e-05
G4dLl,LP_9,-0.0005693058431175402
GFGzP,HN_3_H,0.09969184983197721
GFGzP,HN_3_L,-0.09683982336050256
GFGzP,HN_4,-0.0020546548738025194
GFGzP,HN_6,0.00018296865841627152
GFGzP,HN_7,0.00036958828485467166
GFGzP,HN_9,-5.2859294870089e-06
GFGzP,HP_1_L,0.03375754386276686
GFGzP,HP_1_H,-0.014168357673970178
GFGzP,HP_2,0.00020328201390729106
GFGzP,HP_3_L,-0.05319460372658158
GFGzP,HP_3_H,0.3116781934968422
GFGzP,HP_4,0.00031956479257200243
GFGzP,HP_5,0.00126885756252193
GFGzP,HP_6,0.0009037051994900125
GFGzP,HP_7_H,0.10817753294633325
GFGzP,HP_7_L,-0.20574158967282674
GFGzP,HP_9,9.190991151264427e-06
GFGzP,LN_1,-3.213473782093246e-05
GFGzP,LN_2,0.00017408559173848204
GFGzP,LN_3,-0.0021034437160141195
GFGzP,LN_4,-3.06619881467185e-05
GFGzP,LN_5,1.6937778454906294e-05
GFGzP,LN_6,0.001037627354727455
GFGzP,LN_7_N,0.07620415548755055
GFGzP,LN_7_P,-0.14511324050558727
GFGzP,LN_9,-1.9664481112791066e-05
GFGzP,LP_1,0.0006647661951184602
GFGzP,LP_2,-0.000431203056972862
GFGzP,LP_3,0.0014857481459094046
GFGzP,LP_4,0.0005107194295521644
GFGzP,LP_5,0.0017951882882192294
GFGzP,LP_6,0.00011238707582039709
GFGzP,LP_7,-9.50386166476136e-06
GFGzP,LP_9,-4.571126114516488e-05
h2yD5h,HN_1,0.002753833046313048
h2yD5h,HN_2_H,0.18105714978851228
h2yD5h,HN_2_L,-0.4514121856437687
h2yD5h,HN_3_H,0.049600687771049756
h2yD5h,HN_3_L,-0.04150968263685062
h2yD5h,HN_4,3.1179168358264064e-06
h2yD5h,HN_5,2.193422709328985e-05
h2yD5h,HN_6,-0.00034977563151183944
h2yD5h,HN_7,-0.00013681345710025994
h2yD5h,HN_9,-4.133237258763245e-05
h2yD5h,HP_1_L,-0.025968188622417898
h2yD5h,HP_1_H,0.011993669099276794
h2yD5h,HP_2,0.00033087099796391684
h2yD5h,HP_3_L,-0.012736410563074951
h2yD5h,HP_3_H,0.07320329916567214
h2yD5h,HP_4,0.0001119382429650706
h2yD5h,HP_5,0.001148786431148796
h2yD5h,HP_6,0.0006771072402411704
h2yD5h,HP_7_H,-0.006406419793070217
h2yD5h,HP_7_L,0.012270349637226285
h2yD5h,HP_9,1.569969430281759e-05
h2yD5h,LN_1,0.00011014474666870555
h2yD5h,LN_2,8.528219269843262e-05
h2yD5h,LN_3,-6.527593609639837e-06
h2yD5h,LN_4,0.00029671836193667644
h2yD5h,LN_5,-0.0004780302609708187
h2yD5h,LN_6,-2.9656753556039916e-05
h2yD5h,LN_7_N,0.15035014676513914
h2yD5h,LN_7_P,-0.3093455561457814
h2yD5h,LN_9,4.306923618635494e-06
h2yD5h,LP_1,0.0003516306935447133
h2yD5h,LP_2,-0.00034889284922146047
h2yD5h,LP_3,-0.0019806274026614723
h2yD5h,LP_4,-6.78588821578785e-05
h2yD5h,LP_5,0.002151294251430791
h2yD5h,LP_6,2.6419715396297505e-05
h2yD5h,LP_7,1.1781599579041568e-05
h2yD5h,LP_9,-0.0003007779331976046
PPjCX,HN_1,0.001752878788135348
PPjCX,HN_2_H,0.1504531392860926
PPjCX,HN_2_L,-0.3420377028685566
PPjCX,HN_3_H,0.08181209614823004
PPjCX,HN_3_L,-0.08781565328693341
PPjCX,HN_4,0.0002574724973416487
PPjCX,HN_5,-4.4127359398515864e-05
PPjCX,HN_6,-0.0009026214055518622
PPjCX,HN_7,-0.0002168886194442443
PPjCX,HN_9,1.1282014555913378e-05
PPjCX,HP_1_L,0.046778876137612446
PPjCX,HP_1_H,-0.019350500011535043
PPjCX,HP_2,7.911123629078531e-05
PPjCX,HP_3_L,-0.01705038226920541
PPjCX,HP_3_H,0.08991306708519176
PPjCX,HP_4,0.00033153963370136097
PPjCX,HP_5,0.0006062658805312537
PPjCX,HP_6,0.00013868814514061967
PPjCX,HP_7_H,0.03753647994530329
PPjCX,HP_7_L,-0.06920007309842635
PPjCX,HP_9,7.78111493104916e-06
PPjCX,LN_1,-0.0004124211825788926
PPjCX,LN_2,8.937543872500342e-05
PPjCX,LN_3,-4.5999944292329786e-05
PPjCX,LN_4,-3.343058254889897e-05
PPjCX,LN_5,8.568638533157369e-05
PPjCX,LN_6,0.00014013298398118934
PPjCX,LN_7_N,0.07596661447427255
PPjCX,LN_7_P,-0.14737413807009592
PPjCX,LN_9,-0.000146912771795904
PPjCX,LP_1,0.00011750422284428907
PPjCX,LP_2,-7.336665310520019e-05
PPjCX,LP_3,0.0008095961414102959
PPjCX,LP_4,0.001126861698713899
PPjCX,LP_5,0.002703858878632559
PPjCX,LP_6,-2.7098774489697774e-05
PPjCX,LP_7,9.894573392177364e-06
PPjCX,LP_9,0.0009284002857921081
tMGNS,HN_1,0.0099011711151471
tMGNS,HN_2_H,0.17966272272029915
tMGNS,HN_2_L,-0.45036571316296836
tMGNS,HN_3_H,0.13559125198135824
tMGNS,HN_3_L,-0.08845319102583371
tMGNS,HN_4,0.00019687149637759305
tMGNS,HN_5,0.00034946103690902675
tMGNS,HN_6,0.00025126758918503356
tMGNS,HN_7,0.00017988972283067284
tMGNS,HN_9,-9.785398728645589e-06
tMGNS,HP_1_L,0.08929450104764225
tMGNS,HP_1_H,-0.03965877618890534
tMGNS,HP_2,-0.00017886416153434226
tMGNS,HP_3_L,-0.0389783462974056
tMGNS,HP_3_H,0.3013621703590066
tMGNS,HP_4,0.0013084793900994818
tMGNS,HP_5,0.0006935027980556896
tMGNS,HP_6,0.0004242669789782383
tMGNS,HP_7_H,0.08169905395545163
tMGNS,HP_7_L,-0.14130884251113507
tMGNS,HP_9,1.2349359803653925e-05
tMGNS,LN_1,1.03147180654517e-05
tMGNS,LN_2,5.235506108913768e-05
tMGNS,LN_3,3.195999455041232e-05
tMGNS,LN_4,0.00030081295762496296
tMGNS,LN_5,-0.00015839898485214832
tMGNS,LN_6,-5.0830020512648844e-05
tMGNS,LN_7_N,0.09110681068198456
tMGNS,LN_7_P,-0.1764570079821075
tMGNS,LN_9,-0.00010243420006883497
tMGNS,LP_1,0.00027555213233609877
tMGNS,LP_2,2.5463204524456273e-05
tMGNS,LP_3,-0.00021181695955174717
tMGNS,LP_4,-0.00032490429818743394
tMGNS,LP_5,0.0010759780629512328
tMGNS,LP_6,8.073967481259103e-06
tMGNS,LP_7,-8.737717115092636e-05
tMGNS,LP_9,-0.0015002761431075484
5KB3V,HN_1,-0.010510908511273342
5KB3V,HN_2_H,0.15011286300813076
5KB3V,HN_2_L,-0.3493534419165547
5KB3V,HN_3_H,0.013453274828470807
5KB3V,HN_3_L,-0.010381483568116856
5KB3V,HN_4,-1.159070890555114e-05
5KB3V,HN_5,0.0001288650824933235
5KB3V,HN_6,5.163590206525015e-06
5KB3V,HN_7,3.418080251460509e-05
5KB3V,HN_9,-0.00012135072385976997
5KB3V,HP_1_L,-0.021693916281742887
5KB3V,HP_1_H,0.009780154724494672
5KB3V,HP_2,-0.0002645204506679377
5KB3V,HP_3_L,-0.02135911944319746
5KB3V,HP_3_H,0.12563300133211275
5KB3V,HP_4,7.374885204392001e-05
5KB3V,HP_5,0.001529796738870548
5KB3V,HP_6,0.001026250035472298
5KB3V,HP_7_H,0.09125611603603012
5KB3V,HP_7_L,-0.17162807831966198
5KB3V,HP_9,-3.137958900545357e-05
5KB3V,LN_1,-5.24894687137234e-06
5KB3V,LN_2,0.0001295655334492274
5KB3V,LN_3,-0.0003002160266722953
5KB3V,LN_4,0.00021064366829781633
5KB3V,LN_5,-7.438335783049865e-05
5KB3V,LN_6,0.00010031145823186094
5KB3V,LN_7_N,0.02101466573249544
5KB3V,LN_7_P,-0.039255891884531824
5KB3V,LN_9,-0.00011629069285845617
5KB3V,LP_1,1.8047014251010296e-05
5KB3V,LP_2,3.912486975687912e-05
5KB3V,LP_3,0.00033032430848933814
5KB3V,LP_4,-0.00011248998651236519
5KB3V,LP_5,-0.00042617344629869436
5KB3V,LP_6,0.00033459120380729956
5KB3V,LP_7,1.4360735678398129e-05
5KB3V,LP_9,-0.00038552691387572224
EJOiBs,HN_1,0.010058582825910989
EJOiBs,HN_2_H,0.2985995574963214
EJOiBs,HN_2_L,-0.7099748383134994
EJOiBs,HN_3_H,0.0951651049715041
EJOiBs,HN_3_L,-0.09614125015443209
EJOiBs,HN_4,-2.3930186725529268e-06
EJOiBs,HN_5,-0.00015461411659334345
EJOiBs,HN_6,-0.00021949926713027423
EJOiBs,HN_7,0.00037826900789328377
EJOiBs,HN_9,2.4643954199099483e-05
EJOiBs,HP_1_L,0.008187478937754733
EJOiBs,HP_1_H,-0.003605261267995097
EJOiBs,HP_2,7.433537113943345e-05
EJOiBs,HP_3_L,-0.01970496312802883
EJOiBs,HP_3_H,0.11607791956880131
EJOiBs,HP_4,-0.00011392611107874373
EJOiBs,HP_5,0.0004856629462151041
EJOiBs,HP_6,0.0005240443580554199
EJOiBs,HP_7_H,0.034956024073094394
EJOiBs,HP_7_L,-0.07198178844708103
EJOiBs,HP_9,-1.2448681624643854e-05
EJOiBs,LN_1,3.520351697616775e-05
EJOiBs,LN_2,0.00010291832836051285
EJOiBs,LN_3,-2.4301116444469528e-05
EJOiBs,LN_4,5.720084347071719e-05
EJOiBs,LN_5,-2.4745931999081705e-05
EJOiBs,LN_6,-7.755581154178515e-06
EJOiBs,LN_7_N,0.06058327807329533
EJOiBs,LN_7_P,-0.13021606780541495
EJOiBs,LN_9,-0.00027747853991044735
EJOiBs,LP_1,0.0002875006522491397
EJOiBs,LP_2,0.00010548104139385117
EJOiBs,LP_3,0.0009717261441579694
EJOiBs,LP_4,2.0086373675454183e-05
EJOiBs,LP_5,0.000543049854948574
EJOiBs,LP_6,-0.0006137944671986695
EJOiBs,LP_7,2.7949316421693737e-05
EJOiBs,LP_9,0.0001796399373503732
gf5X,HN_1,0.0020680997260562606
gf5X,HN_2_H,0.1990180194970348
gf5X,HN_2_L,-0.45909911872438425
gf5X,HN_3_H,-0.1224959916729178
gf5X,HN_3_L,0.08865066328302262
gf5X,HN_4,0.00015950668210340524
gf5X,HN_5,-1.5412567327288684e-05
gf5X,HN_6,7.695423153064596e-05
gf5X,HN_7,5.948246385312217e-05
gf5X,HN_9,2.38359840394331e-05
gf5X,HP_1_L,-0.0639087573391861
gf5X,HP_1_H,0.027883463767949035
gf5X,HP_2,9.408212051953413e-05
gf5X,HP_3_L,-0.020436243278506794
gf5X,HP_3_H,0.11166689922703377
gf5X,HP_4,0.00045171332015714327
gf5X,HP_5,0.0012549451498031772
gf5X,HP_6,6.656937838611654e-05
gf5X,HP_7_H,0.035468150610864946
gf5X,HP_7_L,-0.06115532232226473
gf5X,HP_9,6.354619614734602e-05
gf5X,LN_1,4.877470784769855e-05
gf5X,LN_2,0.00011844834024898887
gf5X,LN_3,-0.00023286954081314093
gf5X,LN_4,0.00033781380863207033
gf5X,LN_5,-0.00037741638795107946
gf5X,LN_6,5.365518938393876e-05
gf5X,LN_7_N,0.04709390152883319
gf5X,LN_7_P,-0.09035534245393606
gf5X,LN_9,6.303889272718521e-05
gf5X,LP_1,0.00021282261160449067
gf5X,LP_2,0.00025102314519109825
gf5X,LP_3,0.0005193760032384809
gf5X,LP_4,-9.169151969379286e-05
gf5X,LP_5,0.0005574013268887512
gf5X,LP_6,7.055087713592201e-05
gf5X,LP_7,0.000101532009892491
gf5X,LP_9,-0.000564753860263334
gjGzb,HN_1,0.002447241691590385
gjGzb,HN_2_H,0.040848573505526176
gjGzb,HN_2_L,-0.09362571223495397
gjGzb,HN_3_H,0.06860025093458866
gjGzb,HN_3_L,-0.07842873939142159
gjGzb,HN_4,0.0004932748071899695
gjGzb,HN_5,-1.3880557276912953e-05
gjGzb,HN_6,0.0006416987978496991
gjGzb,HN_7,0.00019919518342437215
gjGzb,HN_9,-8.774177130188576e-06
gjGzb,HP_1_L,-0.025288976978103506
gjGzb,HP_1_H,0.010692497953049163
gjGzb,HP_2,-0.0005745860253818513
gjGzb,HP_3_L,-0.04482320531435624
gjGzb,HP_3_H,0.2143442386807779
gjGzb,HP_4,0.0004494803994719021
gjGzb,HP_5,0.000885226451361909
gjGzb,HP_6,-0.0009236005865158603
gjGzb,HP_7_H,0.10293382370946169
gjGzb,HP_7_L,-0.2233908322048057
gjGzb,HP_9,-4.9907391588277505e-06
gjGzb,LN_1,2.3101895320287724e-05
gjGzb,LN_2,8.785174646508409e-05
gjGzb,LN_3,-3.0097060284006716e-05
gjGzb,LN_4,0.0007530687814591985
gjGzb,LN_5,0.0005420306660153251
gjGzb,LN_6,6.095476827372437e-05
gjGzb,LN_7_N,0.1483420329677747
gjGzb,LN_7_P,-0.23943459048066362
gjGzb,LN_9,-0.00012889497096502112
gjGzb,LP_1,9.939391683388976e-05
gjGzb,LP_2,-7.477705795633227e-05
gjGzb,LP_3,0.0013017391400711453
gjGzb,LP_4,-9.480600963174268e-05
gjGzb,LP_5,-0.0014020262780873871
gjGzb,LP_6,0.0005458095259700535
gjGzb,LP_7,4.1576707013657455e-05
gjGzb,LP_9,-0.00010073199223681328
LR96S,HN_1,-0.0003383163524914856
LR96S,HN_2_H,0.10673372849410434
LR96S,HN_2_L,-0.2753866612457978
LR96S,HN_3_H,0.15036227833107096
LR96S,HN_3_L,-0.10771289690009977
LR96S,HN_4,0.0005887037946763485
LR96S,HN_5,0.0001239450066123915
LR96S,HN_6,0.0003885545752191355
LR96S,HN_7,0.00010954625668624374
LR96S,HN_9,1.356934582474878e-07
LR96S,HP_1_L,0.0015631223610337308
LR96S,HP_1_H,-0.001453179887651146
LR96S,HP_2,-0.00030669537721550455
LR96S,HP_3_L,-0.04799787742168515
LR96S,HP_3_H,0.2978297517546995
LR96S,HP_4,0.00024943190279991256
LR96S,HP_5,0.0006552899147651559
LR96S,HP_6,0.0003017147267341258
LR96S,HP_7_H,0.07887357931096117
LR96S,HP_7_L,-0.14534358091827837
LR96S,HP_9,-0.00018828765755740662
LR96S,LN_1,3.993732911933279e-06
LR96S,LN_2,0.00017814716826825006
LR96S,LN_3,-4.4770242598524135e-05
LR96S,LN_4,0.0001343709989187758
LR96S,LN_5,1.0536250093728938e-05
LR96S,LN_6,-2.873169044947943e-05
LR96S,LN_7_N,0.10835981815687079
LR96S,LN_7_P,-0.20671172814257588
LR96S,LN_9,2.955358955736287e-05
LR96S,LP_1,7.335905748373506e-05
LR96S,LP_2,7.664551946096054e-05
LR96S,LP_3,0.00013257606533612076
LR96S,LP_4,0.00030603573457765876
LR96S,LP_5,0.0009697681876126296
LR96S,LP_6,3.6265428942083844e-05
LR96S,LP_7,2.0276215561665367e-05
LR96S,LP_9,-0.0002477813797749917
XPI3pA,HN_1,-0.0005258673056225405
XPI3pA,HN_3_H,0.04038692233126229
XPI3pA,HN_3_L,0.011589081457584083
XPI3pA,HN_4,1.6205868156315972e-05
XPI3pA,HN_5,-4.1803778822568916e-05
XPI3pA,HN_6,7.652444684724813e-05
XPI3pA,HN_7,-0.0004974637468602161
XPI3pA,HN_9,-6.725334192037025e-05
XPI3pA,HP_1_L,-0.0010082378038491768
XPI3pA,HP_1_H,0.000560820385894889
XPI3pA,HP_2,2.5084206440872947e-05
XPI3pA,HP_3_L,-6.776693622834173e-05
XPI3pA,HP_4,0.0002813960291825346
XPI3pA,HP_5,0.000922530283304468
XPI3pA,HP_6,0.00039097525935893884
XPI3pA,HP_7_H,0.014337024192029979
XPI3pA,HP_7_L,-0.02432646431565022
XPI3pA,HP_9,-1.939783720406041e-05
XPI3pA,LN_1,-3.1709465826867955e-05
XPI3pA,LN_2,0.00016390011873523846
XPI3pA,LN_3,-0.0002552425399340308
XPI3pA,LN_4,0.00010818809604007384
XPI3pA,LN_5,-5.9885684137839235e-05
XPI3pA,LN_6,-0.0001395759676148245
XPI3pA,LN_7_N,0.047183250113877584
XPI3pA,LN_7_P,-0.09205493219361127
XPI3pA,LN_9,-9.920629952553384e-05
XPI3pA,LP_1,0.00019529041474930509
XPI3pA,LP_2,-9.656949345249188e-05
XPI3pA,LP_3,6.938853873306172e-05
XPI3pA,LP_4,-2.8751504852042586e-05
XPI3pA,LP_5,-0.00018565439500362046
XPI3pA,LP_6,9.453400241721255e-06
XPI3pA,LP_7,6.747355996594706e-06
XPI3pA,LP_9,-7.301631739142778e-05
CoQmx,HN_1,-0.0016730820198640473
CoQmx,HN_2_H,0.1589347341472349
CoQmx,HN_2_L,-0.42838628121176914
CoQmx,HN_3_H,0.03928615382803757
CoQmx,HN_3_L,-0.11920239870968263
CoQmx,HN_4,-0.000330950671306951
CoQmx,HN_5,-4.345694321328253e-05
CoQmx,HN_6,-1.869991592684528e-05
CoQmx,HN_7,1.4572120751843443e-05
CoQmx,HN_9,-0.00016535889723146013
CoQmx,HP_1_L,-0.1110622409351052
CoQmx,HP_1_H,0.047718565860419115
CoQmx,HP_2,2.4914018560195927e-05
CoQmx,HP_3_L,-0.020152638428518888
CoQmx,HP_3_H,0.13011009476562974
CoQmx,HP_4,0.0002664101809961572
CoQmx,HP_5,0.000651076542399931
CoQmx,HP_6,0.0017143260877232613
CoQmx,HP_7_H,0.02285298892911891
CoQmx,HP_7_L,-0.02968686289007838
CoQmx,HP_9,1.4565335352934028e-05
CoQmx,LN_1,1.5110078176672204e-05
CoQmx,LN_2,6.880811546094989e-05
CoQmx,LN_3,-0.0002723117059852953
CoQmx,LN_4,-5.358375160202655e-05
CoQmx,LN_5,-0.000217991337839063
CoQmx,LN_6,-1.652447112476807e-07
CoQmx,LN_7_N,0.12932738606239313
CoQmx,LN_7_P,-0.17577461237999126
CoQmx,LN_9,-0.00036420217660104726
CoQmx,LP_1,0.00017748632001657327
CoQmx,LP_2,-0.0009530479705959216
CoQmx,LP_3,0.00028743972406175544
CoQmx,LP_4,6.55501224868793e-05
CoQmx,LP_5,6.863154055203324e-05
CoQmx,LP_6,2.7344386137162502e-05
CoQmx,LP_7,9.792454711110565e-06
CoQmx,LP_9,-0.001670434412651911
G5XzoP,HN_1,0.0013572987551437876
G5XzoP,HN_2_H,0.270151718629859
G5XzoP,HN_2_L,-0.6210077056067158
G5XzoP,HN_3_H,0.24715262126845783
G5XzoP,HN_3_L,-0.34955816420441543
G5XzoP,HN_4,4.2525150581340654e-05
G5XzoP,HN_5,0.0004396646913074065
G5XzoP,HN_6,-0.00012371887137208049
G5XzoP,HN_7,0.00012435303643609785
G5XzoP,HN_9,5.1242800618744866e-05
G5XzoP,HP_1_L,0.008586926594373878
G5XzoP,HP_1_H,-0.0032605230511197902
G5XzoP,HP_2,0.00047732869888861273
G5XzoP,HP_3_L,-0.10024431037931825
G5XzoP,HP_3_H,0.6320600680476489
G5XzoP,HP_4,-0.0008615887200020822
G5XzoP,HP_5,0.0006606021893551528
G5XzoP,HP_6,0.0004599729293772725
G5XzoP,HP_7_H,0.3562672048067599
G5XzoP,HP_7_L,-0.6671238347229886
G5XzoP,HP_9,-3.224377276467294e-05
G5XzoP,LN_1,-0.0006913675954001164
G5XzoP,LN_2,-0.00023434336807515166
G5XzoP,LN_3,-0.0007467384025821033
G5XzoP,LN_4,-0.00032832194104681633
G5XzoP,LN_5,0.0005394496082464784
G5XzoP,LN_6,-0.00014660272623956416
G5XzoP,LN_7_N,0.26342727982476344
G5XzoP,LN_7_P,-0.5176037110538321
G5XzoP,LN_9,6.779401985035349e-05
G5XzoP,LP_1,4.1252620230913806e-05
G5XzoP,LP_2,-0.0001945049431206769
G5XzoP,LP_3,0.0013156047702072016
G5XzoP,LP_4,-6.564167185008074e-05
G5XzoP,LP_5,0.0017749470364316622
G5XzoP,LP_6,-0.0010377006200590344
G5XzoP,LP_7,2.3539372489445043e-05
G5XzoP,LP_9,-0.00022461787634187047
XhsN0o,HN_1,0.003376640561223887
XhsN0o,HN_2_H,0.15641746709373727
XhsN0o,HN_2_L,-0.3685767163526581
XhsN0o,HN_3_H,0.032671210033706544
XhsN0o,HN_3_L,-0.014602766266323286
XhsN0o,HN_4,2.853682822046011e-05
XhsN0o,HN_5,0.0004001473180688109
XhsN0o,HN_6,1.7365652535961118e-05
XhsN0o,HN_7,0.0005050694657038335
XhsN0o,HN_9,8.640382683910985e-05
XhsN0o,HP_1_L,-0.04623402758190043
XhsN0o,HP_1_H,0.02010729389151944
XhsN0o,HP_2,-0.0002760892654176672
XhsN0o,HP_3_L,0.0018783267800435155
XhsN0o,HP_3_H,-0.011767736281027119
XhsN0o,HP_4,-0.0001474569645480983
XhsN0o,HP_5,0.0005927170512523006
XhsN0o,HP_6,0.0009566011422110776
XhsN0o,HP_7_H,0.08615392502272456
XhsN0o,HP_7_L,-0.15095854485211646
XhsN0o,HP_9,-1.8581443761434002e-07
XhsN0o,LN_1,-4.712078702784339e-05
XhsN0o,LN_2,0.00019857751357843512
XhsN0o,LN_3,-8.208836380596551e-05
XhsN0o,LN_4,0.00022604528598524354
XhsN0o,LN_5,-0.0005034623084929635
XhsN0o,LN_6,7.36243565455652e-05
XhsN0o,LN_7_N,0.08958455306252588
XhsN0o,LN_7_P,-0.1779232732390108
XhsN0o,LN_9,1.439052425045162e-05
XhsN0o,LP_1,-0.0005753486714792366
XhsN0o,LP_2,-0.00010499421304377421
XhsN0o,LP_3,4.594556928605442e-05
XhsN0o,LP_4,2.3611060175454668e-05
XhsN0o,LP_5,-0.00010500991093387313
XhsN0o,LP_6,0.0002658908886710165
XhsN0o,LP_7,-2.147372208050058e-06
XhsN0o,LP_9,6.077254894787387e-05
9FGka,HN_1,0.0007940655680016562
9FGka,HN_2_H,0.363261363028875
9FGka,HN_2_L,-0.8350567428573434
9FGka,HN_3_H,-0.01054907559628493
9FGka,HN_3_L,0.011785304775494332
9FGka,HN_4,2.6518673873265897e-05
9FGka,HN_5,-4.352897311044046e-06
9FGka,HN_6,0.001074264664823854
9FGka,HN_7,9.38233765257479e-05
9FGka,HN_9,-0.00013958829102023174
9FGka,HP_1_L,-0.05268746356428711
9FGka,HP_1_H,0.02296885918965952
9FGka,HP_2,1.9877284672009665e-05
9FGka,HP_3_L,0.04051156844126336
9FGka,HP_3_H,-0.17654903623787455
9FGka,HP_4,-1.2186629739119326e-05
9FGka,HP_5,0.0016391321859390295
9FGka,HP_6,0.0022293128236858806
9FGka,HP_7_H,0.05168419695439086
9FGka,HP_7_L,-0.10173091273551593
9FGka,HP_9,-1.3832767904453647e-05
9FGka,LN_1,1.9913627969714298e-05
9FGka,LN_2,0.00010187995344157486
9FGka,LN_3,-0.0001820367143818835
9FGka,LN_4,0.00010856927722446841
9FGka,LN_5,2.3864584642652176e-05
9FGka,LN_6,-4.1338913952415623e-05
9FGka,LN_7_N,0.03659197211099752
9FGka,LN_7_P,-0.07265328622677636
9FGka,LN_9,-4.094388994690945e-05
9FGka,LP_1,0.0011923268307749701
9FGka,LP_2,-0.0004858165760790456
9FGka,LP_3,0.00047563998760846715
9FGka,LP_4,-0.00014506368325051255
9FGka,LP_5,0.0010242874601145147
9FGka,LP_6,0.00014117145671788123
9FGka,LP_7,5.088385761808922e-05
9FGka,LP_9,-0.0005587124170913782
Fyt7d,HN_1,
Fyt7d,HN_2_H,
Fyt7d,HN_2_L,
Fyt7d,HN_3_H,
Fyt7d,HN_3_L,
Fyt7d,HN_4,
Fyt7d,HN_5,
Fyt7d,HN_6,
Fyt7d,HN_7,
Fyt7d,HN_9,
Fyt7d,HP_1_L,
Fyt7d,HP_1_H,
Fyt7d,HP_2,
Fyt7d,HP_3_L,
Fyt7d,HP_3_H,
Fyt7d,HP_4,
Fyt7d,HP_5,
Fyt7d,HP_6,
Fyt7d,HP_7_H,
Fyt7d,HP_7_L,
Fyt7d,HP_9,
Fyt7d,LN_1,
Fyt7d,LN_2,
Fyt7d,LN_3,
Fyt7d,LN_4,
Fyt7d,LN_5,
Fyt7d,LN_6,
Fyt7d,LN_7_N,
Fyt7d,LN_7_P,
Fyt7d,LN_9,
Fyt7d,LP_1,
Fyt7d,LP_2,
Fyt7d,LP_3,
Fyt7d,LP_4,
Fyt7d,LP_5,
Fyt7d,LP_6,
Fyt7d,LP_7,
Fyt7d,LP_9,
GHft8,HN_1,0.012943348969069568
GHft8,HN_2_H,0.000725823878561016
GHft8,HN_2_L,0.008638057854307046
GHft8,HN_3_H,0.018467015389502794
GHft8,HN_3_L,-0.001819761474934456
GHft8,HN_4,0.00010211809447779885
GHft8,HN_5,0.0004499201130716557
GHft8,HN_6,-1.0166592084637216e-05
GHft8,HN_7,-0.00012804558635171048
GHft8,HN_9,-1.9086332237350234e-05
GHft8,HP_1_L,-0.06608422779821543
GHft8,HP_1_H,0.029723129009105342
GHft8,HP_2,2.2165657584061194e-05
GHft8,HP_3_L,-0.01174650677365463
GHft8,HP_3_H,0.06994208569594873
GHft8,HP_4,5.4413785541385096e-05
GHft8,HP_5,6.849248061602253e-06
GHft8,HP_6,-0.0001284722087850909
GHft8,HP_7_H,-0.027301537161734224
GHft8,HP_7_L,0.05583623924102277
GHft8,HP_9,1.3777079652221857e-05
GHft8,LN_1,1.1700864280594914e-05
GHft8,LN_2,2.5572734921208706e-05
GHft8,LN_3,0.00010942603157282349
GHft8,LN_4,5.015435714827987e-05
GHft8,LN_5,0.0001496175833572977
GHft8,LN_6,-2.0867979058980524e-05
GHft8,LN_7_N,0.013446630880775245
GHft8,LN_7_P,-0.02507739039064516
GHft8,LN_9,-7.715446704059659e-05
GHft8,LP_1,0.00038464150190353763
GHft8,LP_2,-0.0008405974335148336
GHft8,LP_3,5.1733689996780186e-05
GHft8,LP_4,-6.32463602032729e-05
GHft8,LP_5,-2.8712947823805735e-06
GHft8,LP_6,0.0002327881848267488
GHft8,LP_7,2.6571688953147543e-05
GHft8,LP_9,-0.0033466010440674765
hMHEK1,HN_1,0.002092934729811091
hMHEK1,HN_2_H,0.2552421890290315
hMHEK1,HN_2_L,-0.6365860328839084
hMHEK1,HN_3_H,0.12419187171393986
hMHEK1,HN_3_L,-0.0673689999844731
hMHEK1,HN_4,4.304328238546873e-05
hMHEK1,HN_5,3.1618940221633807e-06
hMHEK1,HN_6,-5.720442499246303e-05
hMHEK1,HN_7,0.000294846696183626
hMHEK1,HN_9,-0.00018587395733504763
hMHEK1,HP_1_L,0.023937351664947037
hMHEK1,HP_1_H,-0.010820505617392229
hMHEK1,HP_2,-0.00017243106397923924
hMHEK1,HP_3_L,-0.02897331389067892
hMHEK1,HP_3_H,0.16581229759999516
hMHEK1,HP_4,-0.00010480093468379081
hMHEK1,HP_5,0.0019927802803341166
hMHEK1,HP_6,0.0009512216158817921
hMHEK1,HP_7_H,0.1185308293721814
hMHEK1,HP_7_L,-0.22927223777376682
hMHEK1,HP_9,-9.191270354413916e-05
hMHEK1,LN_1,3.733085925450297e-05
hMHEK1,LN_2,1.6204900712857295e-05
hMHEK1,LN_3,-0.0005678366732881912
hMHEK1,LN_4,8.71048305706168e-05
hMHEK1,LN_5,-0.0004737011695836735
hMHEK1,LN_6,0.0002272953513591247
hMHEK1,LN_7_N,0.19547047909836923
hMHEK1,LN_7_P,-0.37822889896389267
hMHEK1,LN_9,1.3508952007690311e-05
hMHEK1,LP_1,-0.00010223668450715095
hMHEK1,LP_2,-0.0009060034061878497
hMHEK1,LP_3,0.0010503179716687683
hMHEK1,LP_4,0.0001375498277687015
hMHEK1,LP_5,0.0007862606366235703
hMHEK1,LP_6,-0.00040398222597026745
hMHEK1,LP_7,3.517696641264223e-05
hMHEK1,LP_9,-0.00028155529512030597
Xd3foP9,HN_1,-0.0008864277933957609
Xd3foP9,HN_2_H,0.16863256746344213
Xd3foP9,HN_2_L,-0.33924119604661396
Xd3foP9,HN_3_H,0.11645139286871231
Xd3foP9,HN_3_L,-0.06229293172200556
Xd3foP9,HN_4,-0.0006282238022996545
Xd3foP9,HN_5,-9.228639651759352e-05
Xd3foP9,HN_6,0.00040571628411978367
Xd3foP9,HN_7,-0.00010420391734378143
Xd3foP9,HN_9,-1.1651887270147654e-05
Xd3foP9,HP_1_L,-0.03344461280054212
Xd3foP9,HP_1_H,0.014650714834649747
Xd3foP9,HP_2,-0.0002658818123268958
Xd3foP9,HP_3_L,0.0001128257581628489
Xd3foP9,HP_4,0.00019921064370809205
Xd3foP9,HP_5,0.001064802710716073
Xd3foP9,HP_6,0.0005856991252599641
Xd3foP9,HP_7_H,0.07909522352985832
Xd3foP9,HP_7_L,-0.1477636986286317
Xd3foP9,HP_9,-4.5901984752738656e-05
Xd3foP9,LN_1,2.7232097751017648e-05
Xd3foP9,LN_2,5.656096159256663e-05
Xd3foP9,LN_3,-0.00017377197633772212
Xd3foP9,LN_4,5.7967806878167494e-05
Xd3foP9,LN_5,-0.0002967499760782033
Xd3foP9,LN_6,-7.875381741673237e-05
Xd3foP9,LN_7_N,0.10902940231540903
Xd3foP9,LN_7_P,-0.20573455462876922
Xd3foP9,LN_9,-0.0001548635892518746
Xd3foP9,LP_1,0.00042733905442826625
Xd3foP9,LP_2,8.823096194188196e-05
Xd3foP9,LP_3,2.458186852294375e-05
Xd3foP9,LP_4,4.7906139563735906e-05
Xd3foP9,LP_5,0.00038069339081081566
Xd3foP9,LP_6,0.0001732993565117802
Xd3foP9,LP_7,3.285083908721731e-05
Xd3foP9,LP_9,-0.0002287219081154035
4FoNM,HN_1,0.0030068367256741446
4FoNM,HN_2_H,0.09579579737072219
4FoNM,HN_2_L,-0.23499733119989097
4FoNM,HN_3_H,0.0857479451403278
4FoNM,HN_3_L,-0.004522521909025912
4FoNM,HN_4,0.00016530048937557495
4FoNM,HN_5,-0.001654536946536389
4FoNM,HN_6,4.867333167890564e-05
4FoNM,HN_7,0.00012794904349044955
4FoNM,HN_9,4.271958636792306e-05
4FoNM,HP_1_L,-0.1280911334183994
4FoNM,HP_1_H,0.05476333923489074
4FoNM,HP_2,0.0001293924079974751
4FoNM,HP_3_L,-0.04348445019449043
4FoNM,HP_3_H,0.24894878032717171
4FoNM,HP_4,0.0006386060345229261
4FoNM,HP_5,0.00045848442999707473
4FoNM,HP_6,8.056486004592855e-05
4FoNM,HP_7_H,0.04568013923792291
4FoNM,HP_7_L,-0.08886083703488445
4FoNM,HP_9,7.733257565867291e-06
4FoNM,LN_1,3.6644717852141184e-05
4FoNM,LN_2,-0.00024482056836738764
4FoNM,LN_3,-0.0006036284953325755
4FoNM,LN_4,0.0003142829378717238
4FoNM,LN_5,-1.9077226654840018e-05
4FoNM,LN_6,7.091128689973303e-05
4FoNM,LN_7_N,0.23940932221856936
4FoNM,LN_7_P,-0.4549924952992046
4FoNM,LN_9,-0.00019541657366461962
4FoNM,LP_1,0.00015105659674308214
4FoNM,LP_2,3.408326674092521e-05
4FoNM,LP_3,0.00037948051344116607
4FoNM,LP_4,6.1105865028388e-05
4FoNM,LP_5,0.0006388050508037146
4FoNM,LP_6,0.0009259270333572545
4FoNM,LP_7,2.1665571070972334e-05
4FoNM,LP_9,-0.0003428173057447026
8vDRG,HN_1,0.010823624148544209
8vDRG,HN_2_H,0.14796233167895334
8vDRG,HN_2_L,-0.3646945780056843
8vDRG,HN_3_H,-0.0961746277420299
8vDRG,HN_3_L,-0.02626758654489203
8vDRG,HN_4,0.0008321025384141478
8vDRG,HN_5,-1.5433863156388838e-06
8vDRG,HN_6,0.0005759239744556055
8vDRG,HN_7,-0.00014348475215975043
8vDRG,HN_9,5.199960155843897e-05
8vDRG,HP_1_L,-0.0171105736018764
8vDRG,HP_1_H,0.008047055072211151
8vDRG,HP_2,0.00013829125141429088
8vDRG,HP_3_L,-0.09596451312022314
8vDRG,HP_3_H,0.6817644546926869
8vDRG,HP_4,0.0005244439323761618
8vDRG,HP_5,0.0005315160028551702
8vDRG,HP_6,0.0009617105405927973
8vDRG,HP_7_H,0.016454076574677234
8vDRG,HP_7_L,-0.027943511365052576
8vDRG,HP_9,-1.911990372338579e-05
8vDRG,LN_1,-2.842600818286911e-06
8vDRG,LN_2,4.074644100038327e-05
8vDRG,LN_3,-0.00020511211665397155
8vDRG,LN_4,0.00013422619468927977
8vDRG,LN_5,-0.000800052489611236
8vDRG,LN_6,5.083000168326635e-06
8vDRG,LN_7_N,0.13668350169061538
8vDRG,LN_7_P,-0.24674028180818386
8vDRG,LN_9,7.1494637863267485e-06
8vDRG,LP_1,-0.00016202953741339954
8vDRG,LP_2,-0.00024143005179233512
8vDRG,LP_3,3.9900133078862865e-05
8vDRG,LP_4,7.069779428592327e-05
8vDRG,LP_5,0.0010232244813686009
8vDRG,LP_6,-3.0187268166947945e-05
8vDRG,LP_7,-7.871631916644972e-05
8vDRG,LP_9,-0.0007543030484593594
NMy2s,HN_1,0.0018706138170454523
NMy2s,HN_2_H,0.30812956308878015
NMy2s,HN_2_L,-0.738177934714459
NMy2s,HN_3_H,0.12835469747930972
NMy2s,HN_3_L,-0.05229758131523532
NMy2s,HN_4,0.00028332527664254314
NMy2s,HN_5,0.00028773274166837837
NMy2s,HN_6,-0.00013231510984113015
NMy2s,HN_7,0.00013290953837863384
NMy2s,HN_9,4.149481046855641e-05
NMy2s,HP_1_L,-0.05159254181013928
NMy2s,HP_1_H,0.01816617408725829
NMy2s,HP_2,-0.0004546334627839599
NMy2s,HP_3_L,-0.07193048718193396
NMy2s,HP_3_H,0.41524811551864094
NMy2s,HP_4,0.0006351319181714388
NMy2s,HP_5,0.0008271366492893506
NMy2s,HP_6,0.0010710206126400834
NMy2s,HP_7_H,0.11487936175041735
NMy2s,HP_7_L,-0.2181250343973078
NMy2s,HP_9,-6.838207158210707e-05
NMy2s,LN_1,4.191736817826808e-05
NMy2s,LN_2,0.00021294356822654237
NMy2s,LN_3,-0.00013417636173240766
NMy2s,LN_4,0.0004927948184940689
NMy2s,LN_5,-5.711230364191522e-06
NMy2s,LN_6,0.00014671599439797234
NMy2s,LN_7_N,0.12589595351589278
NMy2s,LN_7_P,-0.24494475943193006
NMy2s,LN_9,-0.0001460820178067479
NMy2s,LP_1,0.0007962116993560642
NMy2s,LP_2,-1.8203107150505105e-05
NMy2s,LP_3,0.0005530393223489583
NMy2s,LP_4,5.380767845508672e-06
NMy2s,LP_5,0.003670621144623354
NMy2s,LP_6,5.769651370179929e-05
NMy2s,LP_7,-0.00018427006435661752
NMy2s,LP_9,-0.0004972185008389474
WQzBV,HN_1,0.008368260139969053
WQzBV,HN_2_H,0.025885043170676525
WQzBV,HN_2_L,-0.06098012266014852
WQzBV,HN_3_H,-0.07818907307005629
WQzBV,HN_3_L,0.03961993554750265
WQzBV,HN_4,0.00035181822979124533
WQzBV,HN_5,0.00024528240461441086
WQzBV,HN_6,3.4236841532919726e-05
WQzBV,HN_7,-0.00014680856425464128
WQzBV,HN_9,2.3321239061679933e-05
WQzBV,HP_1_L,-0.07749565383239876
WQzBV,HP_1_H,0.0321648565529169
WQzBV,HP_2,-5.895401467626016e-05
WQzBV,HP_3_L,0.0021872722462865646
WQzBV,HP_3_H,-0.015337387262706503
WQzBV,HP_4,2.8152329418329458e-05
WQzBV,HP_5,0.0004556156164841063
WQzBV,HP_6,-1.877791114424099e-05
WQzBV,HP_7_H,0.025764416165642512
WQzBV,HP_7_L,-0.05517853335001277
WQzBV,HP_9,-4.56423205577039e-05
WQzBV,LN_1,5.517958921785748e-05
WQzBV,LN_2,-0.001400925648306739
WQzBV,LN_3,5.454582428843224e-06
WQzBV,LN_4,6.459835783934054e-05
WQzBV,LN_5,-0.0004222841394212473
WQzBV,LN_6,-1.1005008992537313e-05
WQzBV,LN_7_N,0.055716340979496515
WQzBV,LN_7_P,-0.10014185882030269
WQzBV,LN_9,-0.00017907645820436358
WQzBV,LP_1,3.079856173782147e-05
WQzBV,LP_2,-0.0006635598995030634
WQzBV,LP_3,3.9725099019172205e-06
WQzBV,LP_4,0.00024533368473989015
WQzBV,LP_5,1.6993162945233564e-05
WQzBV,LP_6,0.00018850941406389765
WQzBV,LP_7,9.657646889227323e-05
WQzBV,LP_9,0.0017112078951613263
Cr1sTi,HN_1,-0.004929503752899578
Cr1sTi,HN_2_H,0.16717024216489484
Cr1sTi,HN_2_L,-0.40428011931179064
Cr1sTi,HN_3_H,0.0318170922258032
Cr1sTi,HN_3_L,-0.03620278071767036
Cr1sTi,HN_4,2.800533803526406e-05
Cr1sTi,HN_5,-0.0011015175139998945
Cr1sTi,HN_6,-9.701296310016261e-05
Cr1sTi,HN_7,-0.0001356510949803713
Cr1sTi,HN_9,-4.600394023279719e-05
Cr1sTi,HP_1_L,-0.06163674474395053
Cr1sTi,HP_1_H,0.027375504899981973
Cr1sTi,HP_2,6.471641799077332e-05
Cr1sTi,HP_3_L,0.0036162885663815203
Cr1sTi,HP_3_H,-0.021704947039533184
Cr1sTi,HP_4,0.00014209670103548788
Cr1sTi,HP_5,0.0003452125940652806
Cr1sTi,HP_6,0.000595059541281362
Cr1sTi,HP_7_H,0.036667714529201145
Cr1sTi,HP_7_L,-0.0755562496946629
Cr1sTi,HP_9,-1.7007080661102236e-05
Cr1sTi,LN_1,-2.4745542859250236e-07
Cr1sTi,LN_2,0.00016688019917188157
Cr1sTi,LN_3,-3.719805081869865e-05
Cr1sTi,LN_4,0.00039216770214967056
Cr1sTi,LN_5,7.526158375537051e-05
Cr1sTi,LN_6,0.00045859594659347636
Cr1sTi,LN_7_N,0.08356167838239692
Cr1sTi,LN_7_P,-0.14733889481942875
Cr1sTi,LN_9,8.102719980929152e-05
Cr1sTi,LP_1,0.0003000348562971489
Cr1sTi,LP_2,0.0007976152123134739
Cr1sTi,LP_3,0.0001727653749563629
Cr1sTi,LP_4,-0.0003064000680885748
Cr1sTi,LP_5,-0.0001578801538761887
Cr1sTi,LP_6,0.0005310297875125158
Cr1sTi,LP_7,6.688401337795469e-05
Cr1sTi,LP_9,3.46846964678349e-05
EXAMPLE,HN_1,0.005548171333954244
EXAMPLE,HN_2_H,0.1295715825075474
EXAMPLE,HN_2_L,-0.2952817704398538
EXAMPLE,HN_3_H,0.04407341253368724
EXAMPLE,HN_3_L,-0.010027976668361749
EXAMPLE,HN_4,4.948672801763365e-06
EXAMPLE,HN_5,9.424369192823079e-05
EXAMPLE,HN_6,0.0006153621452114066
EXAMPLE,HN_7,-5.7772875535544443e-05
EXAMPLE,HN_9,-0.00010320847107037068
EXAMPLE,HP_1_L,-0.04030726609042112
EXAMPLE,HP_1_H,0.01686040578811232
EXAMPLE,HP_2,-0.0007500500634476381
EXAMPLE,HP_3_L,-0.013720104319309812
EXAMPLE,HP_3_H,0.07459963703370853
EXAMPLE,HP_4,-0.00011652201462641898
EXAMPLE,HP_5,-4.3149506989692554e-05
EXAMPLE,HP_6,0.0001823590836318445
EXAMPLE,HP_7_H,0.05532856588216806
EXAMPLE,HP_7_L,-0.06753632653266406
EXAMPLE,HP_9,6.511664581454468e-05
EXAMPLE,LN_1,5.498476705723121e-05
EXAMPLE,LN_2,9.841706504731818e-05
EXAMPLE,LN_3,4.3726991436621176e-05
EXAMPLE,LN_4,-3.077053398881091e-05
EXAMPLE,LN_5,-9.304006405796983e-05
EXAMPLE,LN_6,1.600003506530001e-05
EXAMPLE,LN_7_N,0.08678578711634755
EXAMPLE,LN_7_P,-0.18396347327996132
EXAMPLE,LN_9,0.00010529272488213337
EXAMPLE,LP_1,0.00043644228608874513
EXAMPLE,LP_2,0.00032398956834178705
EXAMPLE,LP_3,-8.067486469087726e-06
EXAMPLE,LP_4,-1.8728201882201034e-05
EXAMPLE,LP_5,0.00046237595872344883
EXAMPLE,LP_6,-0.002222939995934148
EXAMPLE,LP_7,-1.0523423902064621e-05
EXAMPLE,LP_9,-0.0014326367984121013
Gftw5,HN_1,0.0010656514393376781
Gftw5,HN_2_H,0.2479918700193462
Gftw5,HN_2_L,-0.6013494190706279
Gftw5,HN_3_H,0.16365613037544957
Gftw5,HN_3_L,-0.14078337252174666
Gftw5,HN_4,0.0006497294149689914
Gftw5,HN_5,-0.00011662653881838736
Gftw5,HN_6,-0.0005260826149711129
Gftw5,HN_7,-0.000497893248806669
Gftw5,HN_9,2.289245308340071e-05
Gftw5,HP_1_L,-0.04237429761002964
Gftw5,HP_1_H,0.018655324575520105
Gftw5,HP_2,-0.00011733399890623275
Gftw5,HP_3_L,-0.04920131240867143
Gftw5,HP_3_H,0.306110228910093
Gftw5,HP_4,0.0005670280978602449
Gftw5,HP_5,0.0006751670038962487
Gftw5,HP_6,0.0011034806738914327
Gftw5,HP_7_H,0.13293215570691697
Gftw5,HP_7_L,-0.2367977124761289
Gftw5,HP_9,-3.2839554120478454e-05
Gftw5,LN_1,1.8325390001017183e-05
Gftw5,LN_2,0.00012237224566380434
Gftw5,LN_3,-9.698172133099092e-05
Gftw5,LN_4,0.0001248252104826264
Gftw5,LN_5,-0.000868780417579984
Gftw5,LN_6,0.0006950482062917374
Gftw5,LN_7_N,0.045805189679177793
Gftw5,LN_7_P,-0.09079500640652594
Gftw5,LN_9,-6.591626242258286e-05
Gftw5,LP_1,0.0004955250219405016
Gftw5,LP_2,4.31095141411042e-05
Gftw5,LP_3,0.001570021380443265
Gftw5,LP_4,-0.0003166682141242383
Gftw5,LP_5,-0.00041708571240528514
Gftw5,LP_6,-5.9772205490471464e-05
Gftw5,LP_7,-8.771650665373443e-05
Gftw5,LP_9,-0.00012679816482075168
6GSd4,HN_1,0.009049265139195128
6GSd4,HN_2_H,0.09202199323731763
6GSd4,HN_2_L,-0.2044065516516933
6GSd4,HN_3_H,0.019061028207802533
6GSd4,HN_3_L,-0.04158105775427812
6GSd4,HN_4,-0.0010686800923154216
6GSd4,HN_5,-6.860755230642113e-05
6GSd4,HN_6,-1.3444924156669202e-05
6GSd4,HN_7,0.00027765290224746053
6GSd4,HN_9,1.553836039747125e-05
6GSd4,HP_1_L,-0.054789358003351385
6GSd4,HP_1_H,0.02270872333478202
6GSd4,HP_2,-1.4524487887523918e-05
6GSd4,HP_3_L,-0.008108251543980316
6GSd4,HP_3_H,0.04890189122699162
6GSd4,HP_4,0.00020755485273404872
6GSd4,HP_5,0.0002843612631902026
6GSd4,HP_6,0.0003994457960994069
6GSd4,HP_7_H,0.0167472306932841
6GSd4,HP_7_L,-0.02947440139687263
6GSd4,HP_9,2.184850555986273e-05
6GSd4,LN_1,-2.70074432102696e-05
6GSd4,LN_2,2.8210117319016348e-05
6GSd4,LN_3,9.4108498242651e-05
6GSd4,LN_4,-4.165241176412593e-06
6GSd4,LN_5,1.115476812829641e-05
6GSd4,LN_6,-6.505854839211622e-05
6GSd4,LN_7_N,0.051193798937815505
6GSd4,LN_7_P,-0.09736790463896439
6GSd4,LN_9,-7.05784901908757e-05
6GSd4,LP_1,0.0002051398197457921
6GSd4,LP_2,-7.515959146564555e-05
6GSd4,LP_3,0.00035243340816748514
6GSd4,LP_4,-9.856087123338853e-06
6GSd4,LP_5,-3.643351599613709e-05
6GSd4,LP_6,0.00012873706402727336
6GSd4,LP_7,2.219744184195349e-05
6GSd4,LP_9,-6.869957852151387e-05
D9Hh9,HN_1,0.009000256880378643
D9Hh9,HN_2_H,0.12329831024085314
D9Hh9,HN_2_L,-0.3293055283292756
D9Hh9,HN_3_H,-0.10021725013043525
D9Hh9,HN_3_L,0.009222097713575295
D9Hh9,HN_4,-0.00020260759628465408
D9Hh9,HN_5,5.927686389117781e-05
D9Hh9,HN_6,-0.0010115115665332297
D9Hh9,HN_7,-0.0005930475947435454
D9Hh9,HN_9,-0.00011759577902514806
D9Hh9,HP_1_L,-0.3502910143003284
D9Hh9,HP_1_H,0.1461668843211199
D9Hh9,HP_2,-0.00016573627096283516
D9Hh9,HP_3_L,-0.061161259258639245
D9Hh9,HP_3_H,0.3949162856641113
D9Hh9,HP_4,0.0007965765205213415
D9Hh9,HP_5,0.00033406236214261753
D9Hh9,HP_6,0.0005019484045627465
D9Hh9,HP_7_H,0.11778621405202383
D9Hh9,HP_7_L,-0.22153226790695202
D9Hh9,HP_9,3.720463820444664e-05
D9Hh9,LN_1,-1.1897079077449746e-06
D9Hh9,LN_2,1.840434422639703e-07
D9Hh9,LN_3,2.5495455243884635e-05
D9Hh9,LN_4,8.602845155758487e-05
D9Hh9,LN_5,0.0001549803287597129
D9Hh9,LN_6,-8.597457000814046e-05
D9Hh9,LN_7_N,0.16397722366403267
D9Hh9,LN_7_P,-0.3013423884284272
D9Hh9,LN_9,9.370470458414104e-05
D9Hh9,LP_1,-3.0393289055297146e-05
D9Hh9,LP_2,0.00018483258300605598
D9Hh9,LP_3,-5.93922701175309e-05
D9Hh9,LP_4,-0.00010228773027698423
D9Hh9,LP_5,0.0022761294105753116
D9Hh9,LP_6,0.00017776697737437175
D9Hh9,LP_7,2.5983180547584084e-05
D9Hh9,LP_9,-8.839533908444608e-05
kH4Dd,HN_1,0.004912730975530799
kH4Dd,HN_2_H,0.12416842348449997
kH4Dd,HN_2_L,-0.2905616912644504
kH4Dd,HN_3_H,0.049038580845257584
kH4Dd,HN_3_L,-0.05521969789136705
kH4Dd,HN_4,0.00017413738349691954
kH4Dd,HN_5,-0.001036871127032768
kH4Dd,HN_6,-0.0001366994622982176
kH4Dd,HN_7,0.00017876160463181634
kH4Dd,HN_9,1.0861203147527476e-05
kH4Dd,HP_1_L,0.06692129742757302
kH4Dd,HP_1_H,-0.028579104284342627
kH4Dd,HP_2,0.0001478708214479596
kH4Dd,HP_3_L,-0.00022431512747989046
kH4Dd,HP_4,0.00029249070451431436
kH4Dd,HP_5,0.00011054375295938001
kH4Dd,HP_6,0.00046111604293841424
kH4Dd,HP_7_H,0.03721103633763967
kH4Dd,HP_7_L,-0.06475936257994697
kH4Dd,HP_9,3.981409481745857e-05
kH4Dd,LN_1,2.2257610697629104e-05
kH4Dd,LN_2,0.00011477755818134483
kH4Dd,LN_3,-0.00019085630104065388
kH4Dd,LN_4,0.0004153929157268976
kH4Dd,LN_5,0.00018652835750643249
kH4Dd,LN_6,5.7412946600443604e-05
kH4Dd,LN_7_N,0.04930038150820781
kH4Dd,LN_7_P,-0.09640628073129243
kH4Dd,LN_9,-0.00017654933770305803
kH4Dd,LP_1,0.00026887404714504015
kH4Dd,LP_2,3.853254726760014e-05
kH4Dd,LP_3,-9.30730304009586e-05
kH4Dd,LP_4,0.0001622130448444281
kH4Dd,LP_5,0.0004705105383795427
kH4Dd,LP_6,2.7451212796236746e-05
kH4Dd,LP_7,2.1605300275950867e-05
kH4Dd,LP_9,-3.6321464579103235e-05
F8mDn,HN_1,0.004996565249217877
F8mDn,HN_2_H,0.17691121950336175
F8mDn,HN_2_L,-0.43545567579430466
F8mDn,HN_3_H,0.13420043506359303
F8mDn,HN_3_L,-0.11470694845177443
F8mDn,HN_4,2.519608036433141e-06
F8mDn,HN_5,-0.0012130818153073264
F8mDn,HN_6,4.879176775940408e-06
F8mDn,HN_7,0.00013150147277540825
F8mDn,HN_9,-4.40995950743428e-05
F8mDn,HP_1_L,-0.009116385924123449
F8mDn,HP_1_H,0.004448503745635879
F8mDn,HP_2,-8.38576060138152e-05
F8mDn,HP_3_L,-0.04712493994794231
F8mDn,HP_3_H,0.28982303848551094
F8mDn,HP_4,0.00011923758392784478
F8mDn,HP_5,0.0010746075548899725
F8mDn,HP_6,0.0007055046961745859
F8mDn,HP_7_H,0.032831938726882726
F8mDn,HP_7_L,-0.061636380216522735
F8mDn,HP_9,-7.453142872115848e-05
F8mDn,LN_1,0.0003318271801471262
F8mDn,LN_2,0.00012334260686053256
F8mDn,LN_3,-0.00037723271210809983
F8mDn,LN_4,0.00017353548359722026
F8mDn,LN_5,-0.0004479029991619754
F8mDn,LN_6,0.00024275689027231095
F8mDn,LN_7_N,0.14987975164145073
F8mDn,LN_7_P,-0.27367041018596705
F8mDn,LN_9,-0.00010830022792474026
F8mDn,LP_1,0.00038061596195770875
F8mDn,LP_2,8.574816820416942e-05
F8mDn,LP_3,6.067812149623819e-06
F8mDn,LP_4,-3.924596660764834e-05
F8mDn,LP_5,6.102962004961299e-05
F8mDn,LP_6,-0.00010421372648838911
F8mDn,LP_7,-3.027888680229296e-06
F8mDn,LP_9,0.00014938378017559373
KoG5ii,HN_1,-1.0610026341950629e-05
KoG5ii,HN_2_H,0.04510293532923004
KoG5ii,HN_2_L,-0.10464579312660494
KoG5ii,HN_3_H,0.055103961530969414
KoG5ii,HN_3_L,-0.06578897178225862
KoG5ii,HN_4,0.00044473412895706943
KoG5ii,HN_5,-6.98812768731294e-05
KoG5ii,HN_6,-0.00019674740300734683
KoG5ii,HN_7,-0.0001309692865443246
KoG5ii,HN_9,4.059264637312765e-05
KoG5ii,HP_1_L,0.06133103538894913
KoG5ii,HP_1_H,-0.02526489353134531
KoG5ii,HP_2,7.815404950983762e-05
KoG5ii,HP_3_L,-0.007176635441749735
KoG5ii,HP_3_H,0.04322473222220413
KoG5ii,HP_4,0.00011529062166681925
KoG5ii,HP_5,0.0007607600230108424
KoG5ii,HP_6,0.000266101230549598
KoG5ii,HP_7_H,0.03588622695065302
KoG5ii,HP_7_L,-0.06000075941328609
KoG5ii,HP_9,-9.897271818104514e-06
KoG5ii,LN_1,-7.939968299730538e-06
KoG5ii,LN_2,6.227765675603791e-05
KoG5ii,LN_3,9.208694488238578e-05
KoG5ii,LN_4,0.00012735101873628807
KoG5ii,LN_5,1.2443387959581997e-05
KoG5ii,LN_6,2.2335156722785854e-05
KoG5ii,LN_7_N,0.02669735143965113
KoG5ii,LN_7_P,-0.05023278048542723
KoG5ii,LN_9,-4.596089521857749e-06
KoG5ii,LP_1,0.0003105058590313625
KoG5ii,LP_2,8.111533115728875e-05
KoG5ii,LP_3,6.023960086443125e-05
KoG5ii,LP_4,-3.5466935133676714e-05
KoG5ii,LP_5,-9.375778732234608e-05
KoG5ii,LP_6,-0.00015150748687986493
KoG5ii,LP_7,2.0804814149233408e-05
KoG5ii,LP_9,-0.00020923681024953567
M4t7k,HN_1,0.00789903497669009
M4t7k,HN_2_H,0.13879879215908542
M4t7k,HN_2_L,-0.31808105917688767
M4t7k,HN_3_H,0.047522767842184344
M4t7k,HN_3_L,0.026409154296287873
M4t7k,HN_4,-0.0015035318272054177
M4t7k,HN_5,-9.907955720755979e-06
M4t7k,HN_6,-0.000150755653650414
M4t7k,HN_7,5.226957636894625e-05
M4t7k,HN_9,-1.4883330221593383e-05
M4t7k,HP_1_L,0.0304879413526411
M4t7k,HP_1_H,-0.012689634020112806
M4t7k,HP_2,0.000130205651833748
M4t7k,HP_3_L,-0.011974445777489962
M4t7k,HP_3_H,0.1924599717392832
M4t7k,HP_4,-0.0007145797115750696
M4t7k,HP_5,0.0006656696701039522
M4t7k,HP_6,0.0007948342578663059
M4t7k,HP_7_H,0.06632396267318352
M4t7k,HP_7_L,-0.12401265713976706
M4t7k,HP_9,3.328561363691307e-05
M4t7k,LN_1,0.0003729867850292834
M4t7k,LN_2,9.934086255203312e-05
M4t7k,LN_3,5.999977317561189e-05
M4t7k,LN_4,8.707130999940915e-05
M4t7k,LN_5,-0.0005299907180633667
M4t7k,LN_6,6.398701787357908e-05
M4t7k,LN_7_N,0.07653770016247208
M4t7k,LN_7_P,-0.12662372298622682
M4t7k,LN_9,-0.00025673383505431246
M4t7k,LP_1,0.0006615867096453343
M4t7k,LP_2,0.0011363730624909252
M4t7k,LP_3,0.00048321773525028533
M4t7k,LP_4,5.130350025117636e-05
M4t7k,LP_5,0.002896746094141811
M4t7k,LP_6,1.0635236288081273e-05
M4t7k,LP_7,-2.6789008138017323e-05
M4t7k,LP_9,-0.00036221234546740533
yb3T2,HN_1,-0.06599339710343788
yb3T2,HN_2_H,0.16215013066435802
yb3T2,HN_2_L,-0.41174867458683195
yb3T2,HN_3_H,0.17117672078187152
yb3T2,HN_3_L,-0.20587529486255818
yb3T2,HN_4,0.00012168562741177169
yb3T2,HN_5,-2.6321057752021204e-05
yb3T2,HN_6,0.0003527441478423654
yb3T2,HN_7,-6.426810700421726e-05
yb3T2,HN_9,7.287918229881285e-05
yb3T2,HP_1_L,0.1032671756804584
yb3T2,HP_1_H,-0.042964492998443404
yb3T2,HP_2,-0.000351264832753273
yb3T2,HP_3_L,-0.06796777827234024
yb3T2,HP_3_H,0.3879826374247486
yb3T2,HP_4,-0.00011857913860247038
yb3T2,HP_5,0.0007985312825065094
yb3T2,HP_6,0.001556532106784303
yb3T2,HP_7_H,0.03178362798857748
yb3T2,HP_7_L,-0.05892050323977305
yb3T2,HP_9,-8.02301293294505e-05
yb3T2,LN_1,6.254899772173417e-05
yb3T2,LN_2,9.466707910554817e-05
yb3T2,LN_3,-0.0013163801610094339
yb3T2,LN_4,-9.058465709621544e-05
yb3T2,LN_5,-0.0003407220466611349
yb3T2,LN_6,-6.923938803549134e-05
yb3T2,LN_7_N,0.06694733158471511
yb3T2,LN_7_P,-0.132083996039972
yb3T2,LN_9,-0.00022949775208136458
yb3T2,LP_1,0.00023324281919734347
yb3T2,LP_2,-7.39342360978057e-05
yb3T2,LP_3,0.0007384440010849147
yb3T2,LP_4,5.4322126763040046e-05
yb3T2,LP_5,-0.0007242891891188208
yb3T2,LP_6,-7.560816068430398e-05
yb3T2,LP_7,-6.158352174701065e-05
yb3T2,LP_9,-0.0002239154244598751
O1pGR,HN_1,0.003482486584321265
O1pGR,HN_2_H,0.14533967320433394
O1pGR,HN_2_L,-0.3624823403556796
O1pGR,HN_3_H,0.04326423546908398
O1pGR,HN_3_L,0.007702889589320527
O1pGR,HN_4,0.0004901248831297167
O1pGR,HN_5,0.00010221944603916455
O1pGR,HN_6,-5.5515690213781e-06
O1pGR,HN_7,0.0002455806106667069
O1pGR,HN_9,5.252393845722736e-05
O1pGR,HP_1_L,0.0006901487030024356
O1pGR,HP_1_H,0.00038851613236889904
O1pGR,HP_2,3.799149328820306e-05
O1pGR,HP_3_L,-0.02574358031336388
O1pGR,HP_3_H,0.151403855368903
O1pGR,HP_4,0.0004680175267095521
O1pGR,HP_5,0.0011296838897916217
O1pGR,HP_6,-0.00017808944884123434
O1pGR,HP_7_H,0.08717426977616327
O1pGR,HP_7_L,-0.17124153008647003
O1pGR,HP_9,6.673318384642357e-05
O1pGR,LN_1,7.0462341872357115e-06
O1pGR,LN_2,0.00013866474227697267
O1pGR,LN_3,-7.546715280248861e-05
O1pGR,LN_4,7.871132224224198e-06
O1pGR,LN_5,2.729881913676735e-05
O1pGR,LN_6,-1.0843121171610903e-05
O1pGR,LN_7_N,0.08867339565805032
O1pGR,LN_7_P,-0.1716795313519075
O1pGR,LN_9,-0.00013576100178980255
O1pGR,LP_1,0.000560624002625687
O1pGR,LP_2,-0.00019703525099057373
O1pGR,LP_3,6.7589174546967e-05
O1pGR,LP_4,-5.991339585609268e-05
O1pGR,LP_5,0.002083509076908463
O1pGR,LP_6,0.0005325494221546379
O1pGR,LP_7,-1.3480869918147675e-05
O1pGR,LP_9,-0.0004099548801375086
VckNZ,HN_1,-0.0012462075169961118
VckNZ,HN_2_H,0.09564515097886783
VckNZ,HN_2_L,-0.23788541589459378
VckNZ,HN_3_H,0.04497553252156017
VckNZ,HN_3_L,0.001015640171432075
VckNZ,HN_4,-0.00015574216992808587
VckNZ,HN_5,-8.068407380878995e-05
VckNZ,HN_6,-2.241620476306494e-05
VckNZ,HN_7,-0.00020646791454081992
VckNZ,HN_9,1.7145458784728618e-05
VckNZ,HP_1_L,-0.08791225289759463
VckNZ,HP_1_H,0.024271917859717274
VckNZ,HP_2,-0.0002124040955324702
VckNZ,HP_3_L,-0.004071184285103779
VckNZ,HP_3_H,0.020689938138237718
VckNZ,HP_4,8.431518129636828e-05
VckNZ,HP_5,8.432592517726434e-05
VckNZ,HP_6,0.0007183231397580592
VckNZ,HP_7_H,0.06108560213011627
VckNZ,HP_7_L,-0.11260974792285472
VckNZ,HP_9,-2.1608517868365595e-05
VckNZ,LN_1,-0.0004998250509182789
VckNZ,LN_2,-0.0005687564845051618
VckNZ,LN_3,-0.0002636105685343004
VckNZ,LN_4,-1.134563900162533e-06
VckNZ,LN_5,2.0415843138277268e-05
VckNZ,LN_6,-8.242243557710083e-05
VckNZ,LN_7_N,0.11138133048979793
VckNZ,LN_7_P,-0.20079230334708642
VckNZ,LN_9,-0.0002023222577522965
VckNZ,LP_1,-2.374896070156396e-05
VckNZ,LP_2,0.0010583681529698907
VckNZ,LP_3,7.25247036004184e-05
VckNZ,LP_4,0.00014010858877355759
VckNZ,LP_5,0.0017171912473918916
VckNZ,LP_6,0.00012380288737379175
VckNZ,LP_7,9.752796369344452e-05
VckNZ,LP_9,-0.00013815301260100554
G4Egk,HN_1,0.002322348852949574
G4Egk,HN_2_H,0.18833999993706652
G4Egk,HN_2_L,-0.42782671367135894
G4Egk,HN_3_H,0.034085954882258296
G4Egk,HN_3_L,-0.06521971312651198
G4Egk,HN_4,3.4912357203431554e-05
G4Egk,HN_5,0.0001490099597094563
G4Egk,HN_6,-2.5128254738326916e-05
G4Egk,HN_7,5.7614784657822327e-05
G4Egk,HN_9,1.1428199827356877e-05
G4Egk,HP_1_L,-0.04594325365205876
G4Egk,HP_1_H,0.017564174382408204
G4Egk,HP_2,-1.82525098741948e-05
G4Egk,HP_3_L,0.0010734808720123112
G4Egk,HP_3_H,-0.0619081209276553
G4Egk,HP_4,0.000297374860410482
G4Egk,HP_5,0.0007188631290819814
G4Egk,HP_6,0.0008401024571971227
G4Egk,HP_7_H,0.07488661495630522
G4Egk,HP_7_L,-0.12908694458959635
G4Egk,HP_9,0.00011994712430807297
G4Egk,LN_1,-4.384069556273573e-05
G4Egk,LN_2,0.00010578938111560632
G4Egk,LN_3,-0.00015391552966104172
G4Egk,LN_4,-3.0264996261131216e-05
G4Egk,LN_5,-0.00046133298532158307
G4Egk,LN_6,-6.7326816224344554e-06
G4Egk,LN_7_N,0.1791165357413962
G4Egk,LN_7_P,-0.34455868297338155
G4Egk,LN_9,-0.0003163319671282139
G4Egk,LP_1,0.00015813352999138885
G4Egk,LP_2,-0.00024662679653886244
G4Egk,LP_3,0.0001815823262831806
G4Egk,LP_4,-3.867649088551417e-06
G4Egk,LP_5,0.0009283090799074856
G4Egk,LP_6,-0.00010152186793010998
G4Egk,LP_7,0.00012114541962171543
G4Egk,LP_9,-0.00016227003951696517
urJvc,HN_1,0.008461869135581779
urJvc,HN_2_H,0.1494696649020213
urJvc,HN_2_L,-0.3741920356427837
urJvc,HN_3_H,0.10958526166663951
urJvc,HN_3_L,-0.09261045484511898
urJvc,HN_4,-0.0002793266103120473
urJvc,HN_5,-9.497728423246699e-05
urJvc,HN_6,1.2681656753166237e-05
urJvc,HN_7,-7.648775585256118e-05
urJvc,HN_9,2.627782274045032e-05
urJvc,HP_1_L,0.07809790888847035
urJvc,HP_1_H,-0.03301736735673799
urJvc,HP_2,3.382732265588828e-05
urJvc,HP_3_L,-0.034751262560964946
urJvc,HP_3_H,0.20051365538271027
urJvc,HP_4,0.00030377833683470357
urJvc,HP_5,0.0009553537139934676
urJvc,HP_6,0.00030632276400810454
urJvc,HP_7_H,0.029281952518514842
urJvc,HP_7_L,-0.05536810067463582
urJvc,HP_9,-3.572318842248734e-05
urJvc,LN_1,-1.7093570536808045e-06
urJvc,LN_2,7.900013226480596e-05
urJvc,LN_3,-8.03796249293498e-06
urJvc,LN_4,-6.291613661169038e-06
urJvc,LN_5,-6.159386149251489e-05
urJvc,LN_6,4.537038368468416e-05
urJvc,LN_7_N,0.0294746610206591
urJvc,LN_7_P,-0.05601528201857686
urJvc,LN_9,-3.694980527324532e-05
urJvc,LP_1,0.00055161009296123
urJvc,LP_2,-0.00011286992342052216
urJvc,LP_3,0.0008447787421426156
urJvc,LP_4,-2.17370435375841e-05
urJvc,LP_5,0.003632720923744337
urJvc,LP_6,3.100609844564062e-05
urJvc,LP_7,3.8576702570125576e-05
urJvc,LP_9,-0.00024293040087508544
Fjil72,HN_1,0.005353845972861926
Fjil72,HN_2_H,0.40133436959171664
Fjil72,HN_2_L,-0.9466394931557129
Fjil72,HN_3_H,0.09808987679036552
Fjil72,HN_3_L,-0.06619572035588828
Fjil72,HN_4,0.0002123091760255491
Fjil72,HN_5,-0.0010485116166432107
Fjil72,HN_6,-2.7432503636681815e-05
Fjil72,HN_7,-0.0007061718343690515
Fjil72,HN_9,-1.0607461280898178e-05
Fjil72,HP_1_L,0.036026049209831434
Fjil72,HP_1_H,-0.01634917485204479
Fjil72,HP_2,-0.00016389555529983113
Fjil72,HP_3_L,-0.04903088379681719
Fjil72,HP_3_H,0.2841503933482805
Fjil72,HP_4,0.0007235527208173664
Fjil72,HP_5,0.0018472498278256921
Fjil72,HP_6,0.001286752634381827
Fjil72,HP_7_H,0.11354840612744788
Fjil72,HP_7_L,-0.19828583866939997
Fjil72,HP_9,6.338782731907244e-05
Fjil72,LN_1,5.8781223365222957e-05
Fjil72,LN_2,0.0003560051742867998
Fjil72,LN_3,-9.067637075066415e-05
Fjil72,LN_4,0.00022452935635630666
Fjil72,LN_5,-0.0009914740983125725
Fjil72,LN_6,-7.202041794940328e-06
Fjil72,LN_7_N,0.13414402165106765
Fjil72,LN_7_P,-0.26594749882266555
Fjil72,LN_9,-9.527315635438072e-05
Fjil72,LP_1,0.00048152710404547605
Fjil72,LP_2,-4.145606175942618e-05
Fjil72,LP_3,0.0013056126893271625
Fjil72,LP_4,-0.0023226046480298024
Fjil72,LP_5,0.002552872760530178
Fjil72,LP_6,-0.0007592720392528562
Fjil72,LP_7,6.446364908541113e-05
Fjil72,LP_9,-0.0006340637617272549
Pi9803,HN_1,0.003029912914686239
Pi9803,HN_2_H,0.16258155032433974
Pi9803,HN_2_L,-0.3920838952785455
Pi9803,HN_3_H,0.0038375241364088097
Pi9803,HN_3_L,0.009061327084224136
Pi9803,HN_4,-0.00024274466081308788
Pi9803,HN_5,0.0003660248928043508
Pi9803,HN_6,-6.411351420787526e-05
Pi9803,HN_7,-9.53653725193071e-05
Pi9803,HN_9,2.6370668746000803e-05
Pi9803,HP_1_L,-0.07862701164197095
Pi9803,HP_1_H,0.037191299580805914
Pi9803,HP_2,3.069066697047873e-05
Pi9803,HP_3_L,-0.027990654526743874
Pi9803,HP_3_H,0.16345965471901502
Pi9803,HP_4,0.00017759726938759712
Pi9803,HP_5,0.00045068804193482137
Pi9803,HP_6,0.0004446793395738169
Pi9803,HP_7_H,0.015977669384102722
Pi9803,HP_7_L,-0.02962958138976246
Pi9803,HP_9,-2.120200432598196e-05
Pi9803,LN_1,3.4974911873320025e-05
Pi9803,LN_2,4.7200702020244734e-05
Pi9803,LN_3,-0.00013071532153263732
Pi9803,LN_4,0.00012198372484650832
Pi9803,LN_5,-1.0929120961122862e-05
Pi9803,LN_6,1.3084436552013301e-05
Pi9803,LN_7_N,0.08881720745100319
Pi9803,LN_7_P,-0.15607177110876158
Pi9803,LN_9,-0.00010873198037320009
Pi9803,LP_1,6.59725037848169e-05
Pi9803,LP_2,-4.348620111516155e-05
Pi9803,LP_3,-6.478428498590816e-05
Pi9803,LP_4,-5.575007892266726e-05
Pi9803,LP_5,-4.1203185169980117e-05
Pi9803,LP_6,-0.0002976967080257076
Pi9803,LP_7,1.9541512725762544e-05
Pi9803,LP_9,-0.00010103888157209084
uksXB,HN_1,0.008266865060750028
uksXB,HN_2_H,0.04984390451958198
uksXB,HN_2_L,0.0004312460026634213
uksXB,HN_3_H,0.3275608855297829
uksXB,HN_3_L,-0.002467999322815828
uksXB,HN_4,-0.0003242633792117644
uksXB,HN_5,-0.00016987184077521533
uksXB,HN_6,0.0001131128287701344
uksXB,HN_7,-0.00018953589126446957
uksXB,HN_9,1.7175113212530846e-05
uksXB,HP_1_L,-0.0433487150036056
uksXB,HP_1_H,0.018139681061933643
uksXB,HP_2,-0.0006932911605952441
uksXB,HP_3_L,0.004943261597493809
uksXB,HP_3_H,-0.032678426904750424
uksXB,HP_4,0.0002828411743163173
uksXB,HP_5,0.0011762801575763149
uksXB,HP_6,0.0005172545750617985
uksXB,HP_7_H,0.20577983424967972
uksXB,HP_7_L,-0.3779703531628007
uksXB,HP_9,-5.407239762078575e-05
uksXB,LN_1,6.906399249206885e-05
uksXB,LN_2,0.00012074564098529805
uksXB,LN_3,0.00024554704823120943
uksXB,LN_4,0.0007381435042885798
uksXB,LN_5,-0.00034497799530353035
uksXB,LN_6,1.9702167177726437e-06
uksXB,LN_7_N,0.09982324364403183
uksXB,LN_7_P,-0.1899564507204765
uksXB,LN_9,-8.424927586059283e-05
uksXB,LP_1,0.0012457299767865138
uksXB,LP_2,0.00024083585131151608
uksXB,LP_3,0.0013174665844744027
uksXB,LP_4,-0.0007581142790700213
uksXB,LP_5,-0.00022209130944794708
uksXB,LP_6,8.259688875078552e-05
uksXB,LP_7,-7.90535589674235e-05
uksXB,LP_9,-0.00010923059225387277
KWgkc,HN_1,7.2793565486506395e-06
KWgkc,HN_2_H,0.2848476077661486
KWgkc,HN_2_L,-0.5434529255281415
KWgkc,HN_3_H,0.13971961939845112
KWgkc,HN_3_L,-0.126787097005149
KWgkc,HN_4,0.0003583908699438254
KWgkc,HN_5,0.0007885086871897151
KWgkc,HN_6,-9.90352061691624e-06
KWgkc,HN_7,6.159763416668795e-06
KWgkc,HN_9,4.76295278284411e-06
KWgkc,HP_1_L,-0.10839909297297634
KWgkc,HP_1_H,0.04450027420150038
KWgkc,HP_2,-6.765035298172961e-06
KWgkc,HP_3_L,0.008845300723803629
KWgkc,HP_3_H,-0.0562350695871201
KWgkc,HP_4,5.538469998178641e-05
KWgkc,HP_5,0.0006021021430995255
KWgkc,HP_6,0.001203437092848425
KWgkc,HP_7_H,0.0005558593019743263
KWgkc,HP_7_L,5.294461709270948e-05
KWgkc,HP_9,-7.137101619081321e-05
KWgkc,LN_1,5.192348110139022e-06
KWgkc,LN_2,0.0001392913532392015
KWgkc,LN_3,4.089005501883847e-05
KWgkc,LN_4,0.00010396583145322325
KWgkc,LN_5,-2.8445902236828857e-05
KWgkc,LN_6,-4.723942972351125e-05
KWgkc,LN_7_N,-0.01630914605270961
KWgkc,LN_7_P,0.03039183897106179
KWgkc,LN_9,-0.00040145835319904677
KWgkc,LP_1,-0.00014544215674083816
KWgkc,LP_2,-0.00045160617257611335
KWgkc,LP_3,0.00021634370551382176
KWgkc,LP_4,6.468744114362934e-05
KWgkc,LP_5,-0.00018736929893581333
KWgkc,LP_6,0.00012585753577409875
KWgkc,LP_7,1.440228264781851e-05
KWgkc,LP_9,-7.718314966220774e-05
